(media) $id,(media) $name,(media) $section_id,(media) $section_name,(media) $created_by_id,(media) $created_by_username,(media) $created_by_name,(media) $created_datetime,(media) $modified_by_id,(media) $modified_by_username,(media) $modified_by_name,(media) $modified_datetime,(media) $type_name,(media) $type_id,(media) $width,(media) $height,(media) $streaming_resolutions,(media) $archive_state,(media) $fps,(media) $num_frames,(media) $duration_minutes,(media) index_elapsed_time_millis,(media) iso_start_datetime,(media) video_reference_uuid,$id,$elemental_id,$parent,$section_id,$section_name,$version_id,$version_name,$media_name,$media_id,$frame,$created_by_id,$created_by_username,$created_by_name,$created_datetime,$modified_by_id,$modified_by_username,$modified_by_name,$modified_datetime,$type_name,$type_id,$x,$x_pixels,$y,$y_pixels,$width,$width_pixels,$height,$height_pixels,$url,Label,cluster,concept,delete,depth,dive,exemplar,generator,group,iso_datetime,label_s,latitude,longitude,obs_uuid,oxygen,saliency,score,score_s,temperature,verified
154280,V4505_20231019T175822Z_h265.mp4,142,Video/2023/10,25,mldevops,mldevops mldevops,2024-10-13T20:59:53.305Z,25,mldevops,mldevops mldevops,2024-10-13T20:59:53.315Z,Video,49,3840,2160,3840x2160,live,59.94005994005994,21580,6.0004388888888895,,2023-10-19T17:58:22+00:00,6cee46ce-d452-4735-8cec-8793fa609dea,2461590,8f91254d-2da9-4082-abaf-8e0801b90f50,,142,Video/2023/10,26,ctenophora-sp-a-yv5-vss,,154280,18821,25,mldevops,mldevops mldevops,2024-10-13T21:08:24.820Z,3,dcline,Danelle Cline,2024-10-13T21:08:24.820Z,Box,3,0.19585753679275514,752.0929412841797,0.8239908854166667,1779.8203125,0.04099668264389038,157.42726135253906,0.1108217027452257,239.3748779296875,https://mantis.shore.mbari.org/3/annotation/154280?selected_entity=8f91254d-2da9-4082-abaf-8e0801b90f50&selected_type=box_3&section=142&frame=18821&version=26,Ctenophora sp. A,Unknown C-1,,false,680.26526,Ventana 4505,false,,,2023-10-19T18:03:36+00:00,,36.698513,-122.047506,,0.283,-1,0.7246984243392944,,5.001,true
154280,V4505_20231019T175822Z_h265.mp4,142,Video/2023/10,25,mldevops,mldevops mldevops,2024-10-13T20:59:53.305Z,25,mldevops,mldevops mldevops,2024-10-13T20:59:53.315Z,Video,49,3840,2160,3840x2160,live,59.94005994005994,21580,6.0004388888888895,,2023-10-19T17:58:22+00:00,6cee46ce-d452-4735-8cec-8793fa609dea,2461591,9f7f24f5-9a84-4bef-a3cd-1f5d3614f0e3,,142,Video/2023/10,26,ctenophora-sp-a-yv5-vss,,154280,19060,25,mldevops,mldevops mldevops,2024-10-13T21:08:24.820Z,3,dcline,Danelle Cline,2024-10-18T11:18:42.012Z,Box,3,0.41007652282714846,1574.69384765625,0.8520525614420573,1840.4335327148438,0.027775287628173828,106.6571044921875,0.08805931939019097,190.2081298828125,https://mantis.shore.mbari.org/3/annotation/154280?selected_entity=9f7f24f5-9a84-4bef-a3cd-1f5d3614f0e3&selected_type=box_3&section=142&frame=19060&version=26,Ctenophora sp. A,Unknown C-1,,false,680.23553,Ventana 4505,false,,,2023-10-19T18:03:40+00:00,,36.698513,-122.047505,,0.283,3000,0.8850804567337036,,4.998,true
154280,V4505_20231019T175822Z_h265.mp4,142,Video/2023/10,25,mldevops,mldevops mldevops,2024-10-13T20:59:53.305Z,25,mldevops,mldevops mldevops,2024-10-13T20:59:53.315Z,Video,49,3840,2160,3840x2160,live,59.94005994005994,21580,6.0004388888888895,,2023-10-19T17:58:22+00:00,6cee46ce-d452-4735-8cec-8793fa609dea,2461592,84a9688f-4e5f-4276-acc8-d21d08bf1af4,,142,Video/2023/10,26,ctenophora-sp-a-yv5-vss,,154280,19660,25,mldevops,mldevops mldevops,2024-10-13T21:08:24.820Z,3,dcline,Danelle Cline,2024-10-13T21:08:24.820Z,Box,3,0.17272119522094725,663.2493896484375,0.690645514594184,1491.7943115234375,0.05790095329284668,222.33966064453125,0.1648957994249132,356.1749267578125,https://mantis.shore.mbari.org/3/annotation/154280?selected_entity=84a9688f-4e5f-4276-acc8-d21d08bf1af4&selected_type=box_3&section=142&frame=19660&version=26,Ctenophora sp. A,Unknown C-1,,false,680.21576,Ventana 4505,false,,,2023-10-19T18:03:50+00:00,,36.698515,-122.047499,,0.279,-1,0.8785512447357178,,5,true
154280,V4505_20231019T175822Z_h265.mp4,142,Video/2023/10,25,mldevops,mldevops mldevops,2024-10-13T20:59:53.305Z,25,mldevops,mldevops mldevops,2024-10-13T20:59:53.315Z,Video,49,3840,2160,3840x2160,live,59.94005994005994,21580,6.0004388888888895,,2023-10-19T17:58:22+00:00,6cee46ce-d452-4735-8cec-8793fa609dea,2461593,f3c6a748-82d0-4399-9aa4-629495f9c8d3,,142,Video/2023/10,26,ctenophora-sp-a-yv5-vss,,154280,19540,25,mldevops,mldevops mldevops,2024-10-13T21:08:24.820Z,3,dcline,Danelle Cline,2024-10-13T21:08:24.820Z,Box,3,0.2851962327957153,1095.1535339355469,0.6528084225124783,1410.0661926269531,0.0394740104675293,151.5802001953125,0.11546474032931858,249.40383911132812,https://mantis.shore.mbari.org/3/annotation/154280?selected_entity=f3c6a748-82d0-4399-9aa4-629495f9c8d3&selected_type=box_3&section=142&frame=19540&version=26,Ctenophora sp. A,Unknown C-1,,false,680.21576,Ventana 4505,false,,,2023-10-19T18:03:48+00:00,,36.698515,-122.047501,,0.283,-1,0.9024444222450256,,4.999,true
154280,V4505_20231019T175822Z_h265.mp4,142,Video/2023/10,25,mldevops,mldevops mldevops,2024-10-13T20:59:53.305Z,25,mldevops,mldevops mldevops,2024-10-13T20:59:53.315Z,Video,49,3840,2160,3840x2160,live,59.94005994005994,21580,6.0004388888888895,,2023-10-19T17:58:22+00:00,6cee46ce-d452-4735-8cec-8793fa609dea,2461594,e9668510-d37e-4c34-b0cd-a49297c2ce36,,142,Video/2023/10,26,ctenophora-sp-a-yv5-vss,,154280,19420,25,mldevops,mldevops mldevops,2024-10-13T21:08:24.821Z,3,dcline,Danelle Cline,2024-10-18T11:18:48.536Z,Box,3,0.3234366178512573,1241.9966125488281,0.8526743570963542,1841.776611328125,0.028939485549926758,111.12762451171875,0.09066619873046874,195.8389892578125,https://mantis.shore.mbari.org/3/annotation/154280?selected_entity=e9668510-d37e-4c34-b0cd-a49297c2ce36&selected_type=box_3&section=142&frame=19420&version=26,Ctenophora sp. A,Unknown C-1,,false,680.21576,Ventana 4505,false,,,2023-10-19T18:03:46+00:00,,36.698514,-122.047502,,0.283,3000,0.8163602948188782,,5,true
154280,V4505_20231019T175822Z_h265.mp4,142,Video/2023/10,25,mldevops,mldevops mldevops,2024-10-13T20:59:53.305Z,25,mldevops,mldevops mldevops,2024-10-13T20:59:53.315Z,Video,49,3840,2160,3840x2160,live,59.94005994005994,21580,6.0004388888888895,,2023-10-19T17:58:22+00:00,6cee46ce-d452-4735-8cec-8793fa609dea,2461595,471e5be9-e6f5-425b-bf3b-467fa27d9fd4,,142,Video/2023/10,26,ctenophora-sp-a-yv5-vss,,154280,20139,25,mldevops,mldevops mldevops,2024-10-13T21:08:24.821Z,3,dcline,Danelle Cline,2024-10-13T21:08:24.821Z,Box,3,0.4142309188842773,1590.646728515625,0.2714098188612196,586.2452087402344,0.039010143280029295,149.7989501953125,0.11533906724717882,249.13238525390625,https://mantis.shore.mbari.org/3/annotation/154280?selected_entity=471e5be9-e6f5-425b-bf3b-467fa27d9fd4&selected_type=box_3&section=142&frame=20139&version=26,Ctenophora sp. A,Unknown C-1,,false,680.1267,Ventana 4505,false,,,2023-10-19T18:03:58+00:00,,36.698519,-122.047494,,0.283,-1,0.9019843935966492,,4.999,true
154280,V4505_20231019T175822Z_h265.mp4,142,Video/2023/10,25,mldevops,mldevops mldevops,2024-10-13T20:59:53.305Z,25,mldevops,mldevops mldevops,2024-10-13T20:59:53.315Z,Video,49,3840,2160,3840x2160,live,59.94005994005994,21580,6.0004388888888895,,2023-10-19T17:58:22+00:00,6cee46ce-d452-4735-8cec-8793fa609dea,2461596,93418ba1-43ba-4317-a722-5e4f80cd9019,,142,Video/2023/10,26,ctenophora-sp-a-yv5-vss,,154280,20739,25,mldevops,mldevops mldevops,2024-10-13T21:08:24.821Z,3,dcline,Danelle Cline,2024-10-13T21:08:24.821Z,Box,3,0.4734950065612793,1818.2208251953125,0.26753052605523003,577.8659362792969,0.034155750274658205,131.1580810546875,0.09088770548502605,196.31744384765625,https://mantis.shore.mbari.org/3/annotation/154280?selected_entity=93418ba1-43ba-4317-a722-5e4f80cd9019&selected_type=box_3&section=142&frame=20739&version=26,Ctenophora sp. A,Unknown C-1,,false,679.9981,Ventana 4505,false,,,2023-10-19T18:04:08+00:00,,36.698525,-122.047488,,0.275,-1,0.6536351442337036,,4.999,true
154280,V4505_20231019T175822Z_h265.mp4,142,Video/2023/10,25,mldevops,mldevops mldevops,2024-10-13T20:59:53.305Z,25,mldevops,mldevops mldevops,2024-10-13T20:59:53.315Z,Video,49,3840,2160,3840x2160,live,59.94005994005994,21580,6.0004388888888895,,2023-10-19T17:58:22+00:00,6cee46ce-d452-4735-8cec-8793fa609dea,2461597,15eec445-b4be-4b26-97fb-ff3db406aff1,,142,Video/2023/10,26,ctenophora-sp-a-yv5-vss,,154280,21098,25,mldevops,mldevops mldevops,2024-10-13T21:08:24.821Z,3,dcline,Danelle Cline,2024-10-13T21:08:24.821Z,Box,3,0.26431589126586913,1014.9730224609375,0.21852554745144315,472.0151824951172,0.02789449691772461,107.1148681640625,0.07570415072970921,163.52096557617188,https://mantis.shore.mbari.org/3/annotation/154280?selected_entity=15eec445-b4be-4b26-97fb-ff3db406aff1&selected_type=box_3&section=142&frame=21098&version=26,Ctenophora sp. A,Unknown C-1,,false,680.0179,Ventana 4505,false,,,2023-10-19T18:04:14+00:00,,36.698529,-122.047486,,0.279,-1,0.8727434277534485,,5.006,true
154280,V4505_20231019T175822Z_h265.mp4,142,Video/2023/10,25,mldevops,mldevops mldevops,2024-10-13T20:59:53.305Z,25,mldevops,mldevops mldevops,2024-10-13T20:59:53.315Z,Video,49,3840,2160,3840x2160,live,59.94005994005994,21580,6.0004388888888895,,2023-10-19T17:58:22+00:00,6cee46ce-d452-4735-8cec-8793fa609dea,2461598,83aa2858-be20-428e-98a6-c2caf971f589,,142,Video/2023/10,26,ctenophora-sp-a-yv5-vss,,154280,18941,25,mldevops,mldevops mldevops,2024-10-13T21:08:24.821Z,3,dcline,Danelle Cline,2024-10-18T11:18:55.108Z,Box,3,0.29466552734375,1131.515625,0.8689059787326389,1876.8369140625,0.027413606643676758,105.26824951171875,0.08817172580295139,190.450927734375,https://mantis.shore.mbari.org/3/annotation/154280?selected_entity=83aa2858-be20-428e-98a6-c2caf971f589&selected_type=box_3&section=142&frame=18941&version=26,Ctenophora sp. A,Unknown C-1,,false,680.21576,Ventana 4505,false,,,2023-10-19T18:03:38+00:00,,36.698512,-122.047506,,0.279,3000,0.8833516240119934,,5,true
154280,V4505_20231019T175822Z_h265.mp4,142,Video/2023/10,25,mldevops,mldevops mldevops,2024-10-13T20:59:53.305Z,25,mldevops,mldevops mldevops,2024-10-13T20:59:53.315Z,Video,49,3840,2160,3840x2160,live,59.94005994005994,21580,6.0004388888888895,,2023-10-19T17:58:22+00:00,6cee46ce-d452-4735-8cec-8793fa609dea,2461599,65dcb11b-e031-48de-84a3-6decfd605c7e,,142,Video/2023/10,26,ctenophora-sp-a-yv5-vss,,154280,21218,25,mldevops,mldevops mldevops,2024-10-13T21:08:24.821Z,3,dcline,Danelle Cline,2024-10-13T21:08:24.821Z,Box,3,0.27930238246917727,1072.5211486816406,0.005190110206604004,11.210638046264648,0.034559011459350586,132.70660400390625,0.08768974675072563,189.40985298156735,https://mantis.shore.mbari.org/3/annotation/154280?selected_entity=65dcb11b-e031-48de-84a3-6decfd605c7e&selected_type=box_3&section=142&frame=21218&version=26,Ctenophora sp. A,Unknown C-1,,false,680.0179,Ventana 4505,false,,,2023-10-19T18:04:16+00:00,,36.698529,-122.047485,,0.283,-1,0.8068592548370361,,5.007,true
154280,V4505_20231019T175822Z_h265.mp4,142,Video/2023/10,25,mldevops,mldevops mldevops,2024-10-13T20:59:53.305Z,25,mldevops,mldevops mldevops,2024-10-13T20:59:53.315Z,Video,49,3840,2160,3840x2160,live,59.94005994005994,21580,6.0004388888888895,,2023-10-19T17:58:22+00:00,6cee46ce-d452-4735-8cec-8793fa609dea,2461600,fdcc33ad-b95d-4dd1-a939-d3af40640302,,142,Video/2023/10,26,ctenophora-sp-a-yv5-vss,,154280,21458,25,mldevops,mldevops mldevops,2024-10-13T21:08:24.821Z,3,dcline,Danelle Cline,2024-10-18T11:18:57.808Z,Box,3,0.5523672103881836,2121.090087890625,0.029087289174397787,62.82854461669922,0.03319501876831055,127.4688720703125,0.09395999908447265,202.95359802246094,https://mantis.shore.mbari.org/3/annotation/154280?selected_entity=fdcc33ad-b95d-4dd1-a939-d3af40640302&selected_type=box_3&section=142&frame=21458&version=26,Ctenophora sp. A,Unknown C-1,,false,679.8101,Ventana 4505,false,,,2023-10-19T18:04:20+00:00,,36.698531,-122.047484,,0.279,3000,0.8870857954025269,,5.009,true
154280,V4505_20231019T175822Z_h265.mp4,142,Video/2023/10,25,mldevops,mldevops mldevops,2024-10-13T20:59:53.305Z,25,mldevops,mldevops mldevops,2024-10-13T20:59:53.315Z,Video,49,3840,2160,3840x2160,live,59.94005994005994,21580,6.0004388888888895,,2023-10-19T17:58:22+00:00,6cee46ce-d452-4735-8cec-8793fa609dea,2461601,877467e2-e774-49ba-aca5-139b42d22f29,,142,Video/2023/10,26,ctenophora-sp-a-yv5-vss,,154280,19900,25,mldevops,mldevops mldevops,2024-10-13T21:08:24.821Z,3,dcline,Danelle Cline,2024-10-13T21:08:24.821Z,Box,3,0.3352821826934814,1287.4835815429688,0.5410119798448351,1168.5858764648438,0.0435549259185791,167.25091552734375,0.12674018012152777,273.7587890625,https://mantis.shore.mbari.org/3/annotation/154280?selected_entity=877467e2-e774-49ba-aca5-139b42d22f29&selected_type=box_3&section=142&frame=19900&version=26,Ctenophora sp. A,Unknown C-1,,false,680.1267,Ventana 4505,false,,,2023-10-19T18:03:54+00:00,,36.698517,-122.047496,,0.283,-1,0.9195815324783325,,4.998,true
154280,V4505_20231019T175822Z_h265.mp4,142,Video/2023/10,25,mldevops,mldevops mldevops,2024-10-13T20:59:53.305Z,25,mldevops,mldevops mldevops,2024-10-13T20:59:53.315Z,Video,49,3840,2160,3840x2160,live,59.94005994005994,21580,6.0004388888888895,,2023-10-19T17:58:22+00:00,6cee46ce-d452-4735-8cec-8793fa609dea,2461602,467b6546-092d-4f7f-9f41-1f3ae0d22484,,142,Video/2023/10,26,ctenophora-sp-a-yv5-vss,,154280,20019,25,mldevops,mldevops mldevops,2024-10-13T21:08:24.821Z,3,dcline,Danelle Cline,2024-10-13T21:08:24.821Z,Box,3,0.4939842224121094,1896.8994140625,0.4622514512803819,998.463134765625,0.034673309326171874,133.1455078125,0.11187489827473958,241.6497802734375,https://mantis.shore.mbari.org/3/annotation/154280?selected_entity=467b6546-092d-4f7f-9f41-1f3ae0d22484&selected_type=box_3&section=142&frame=20019&version=26,Ctenophora sp. A,Unknown C-1,,false,680.1267,Ventana 4505,false,,,2023-10-19T18:03:56+00:00,,36.698518,-122.047495,,0.279,-1,0.8986355066299438,,4.999,true
154295,V4505_20231019T180422Z_h265.mp4,142,Video/2023/10,25,mldevops,mldevops mldevops,2024-10-13T22:39:57.755Z,25,mldevops,mldevops mldevops,2024-10-13T22:39:57.765Z,Video,49,3840,2160,3840x2160,live,59.94005994005994,21580,6.0004388888888895,,2023-10-19T18:04:22+00:00,e37d6c6a-b7fb-42d7-8de1-6d7f8717aa52,2461619,99ede99b-59d3-4fb9-9d62-087b93fa4860,,142,Video/2023/10,26,ctenophora-sp-a-yv5-vss,,154295,4795,25,mldevops,mldevops mldevops,2024-10-13T22:44:50.139Z,3,dcline,Danelle Cline,2024-10-13T22:44:50.139Z,Box,3,0.4337986946105957,1665.7869873046875,0.6225428687201606,1344.6925964355469,0.028693199157714844,110.181884765625,0.058229022555881076,125.77468872070312,https://mantis.shore.mbari.org/3/annotation/154295?selected_entity=99ede99b-59d3-4fb9-9d62-087b93fa4860&selected_type=box_3&section=142&frame=4795&version=26,Ctenophora sp. A,Unknown C-1,,false,673.676,Ventana 4505,false,,,2023-10-19T18:05:42+00:00,,36.698554,-122.04744,,0.282,-1,0.6686679124832153,,5.079,true
154295,V4505_20231019T180422Z_h265.mp4,142,Video/2023/10,25,mldevops,mldevops mldevops,2024-10-13T22:39:57.755Z,25,mldevops,mldevops mldevops,2024-10-13T22:39:57.765Z,Video,49,3840,2160,3840x2160,live,59.94005994005994,21580,6.0004388888888895,,2023-10-19T18:04:22+00:00,e37d6c6a-b7fb-42d7-8de1-6d7f8717aa52,2461620,2831c501-b86d-41c0-a111-31a30c8eb5ec,,142,Video/2023/10,26,ctenophora-sp-a-yv5-vss,,154295,599,25,mldevops,mldevops mldevops,2024-10-13T22:44:50.139Z,3,dcline,Danelle Cline,2024-10-13T22:44:50.139Z,Box,3,0.42905025482177733,1647.552978515625,0.6034978654649522,1303.5553894042969,0.07670812606811524,294.5592041015625,0.09097955491807726,196.51583862304688,https://mantis.shore.mbari.org/3/annotation/154295?selected_entity=2831c501-b86d-41c0-a111-31a30c8eb5ec&selected_type=box_3&section=142&frame=599&version=26,Ctenophora sp. A,Unknown C-1,,false,679.12744,Ventana 4505,false,,,2023-10-19T18:04:32+00:00,,36.698536,-122.047481,,0.283,-1,0.9204955697059631,,5.008,true
154295,V4505_20231019T180422Z_h265.mp4,142,Video/2023/10,25,mldevops,mldevops mldevops,2024-10-13T22:39:57.755Z,25,mldevops,mldevops mldevops,2024-10-13T22:39:57.765Z,Video,49,3840,2160,3840x2160,live,59.94005994005994,21580,6.0004388888888895,,2023-10-19T18:04:22+00:00,e37d6c6a-b7fb-42d7-8de1-6d7f8717aa52,2461621,7cdced19-5af0-4fcd-85dd-0450994bb90d,,142,Video/2023/10,26,ctenophora-sp-a-yv5-vss,,154295,239,25,mldevops,mldevops mldevops,2024-10-13T22:44:50.139Z,3,dcline,Danelle Cline,2024-10-13T22:44:50.139Z,Box,3,0.5995158672332763,2302.1409301757812,0.3461290995279948,747.6388549804688,0.036969661712646484,141.9635009765625,0.07503797743055556,162.08203125,https://mantis.shore.mbari.org/3/annotation/154295?selected_entity=7cdced19-5af0-4fcd-85dd-0450994bb90d&selected_type=box_3&section=142&frame=239&version=26,Ctenophora sp. A,Unknown C-1,,false,679.46387,Ventana 4505,false,,,2023-10-19T18:04:26+00:00,,36.698534,-122.047483,,0.279,-1,0.8891695737838745,,5.007,true
154295,V4505_20231019T180422Z_h265.mp4,142,Video/2023/10,25,mldevops,mldevops mldevops,2024-10-13T22:39:57.755Z,25,mldevops,mldevops mldevops,2024-10-13T22:39:57.765Z,Video,49,3840,2160,3840x2160,live,59.94005994005994,21580,6.0004388888888895,,2023-10-19T18:04:22+00:00,e37d6c6a-b7fb-42d7-8de1-6d7f8717aa52,2461622,ccc12f2e-5118-4c3a-872f-4eb889f2aba8,,142,Video/2023/10,26,ctenophora-sp-a-yv5-vss,,154295,2877,25,mldevops,mldevops mldevops,2024-10-13T22:44:50.139Z,3,dcline,Danelle Cline,2024-10-13T22:44:50.139Z,Box,3,0.4773250102996826,1832.9280395507812,0.4051781972249349,875.1849060058594,0.04825010299682617,185.2803955078125,0.07382007175021701,159.45135498046875,https://mantis.shore.mbari.org/3/annotation/154295?selected_entity=ccc12f2e-5118-4c3a-872f-4eb889f2aba8&selected_type=box_3&section=142&frame=2877&version=26,Ctenophora sp. A,Unknown C-1,,false,676.565,Ventana 4505,false,,,2023-10-19T18:05:10+00:00,,36.698551,-122.047455,,0.278,-1,0.9033050537109375,,5.031,true
154295,V4505_20231019T180422Z_h265.mp4,142,Video/2023/10,25,mldevops,mldevops mldevops,2024-10-13T22:39:57.755Z,25,mldevops,mldevops mldevops,2024-10-13T22:39:57.765Z,Video,49,3840,2160,3840x2160,live,59.94005994005994,21580,6.0004388888888895,,2023-10-19T18:04:22+00:00,e37d6c6a-b7fb-42d7-8de1-6d7f8717aa52,2461623,3e1985c0-e374-4fd0-9e9c-69101745dc29,,142,Video/2023/10,26,ctenophora-sp-a-yv5-vss,,154295,4435,25,mldevops,mldevops mldevops,2024-10-13T22:44:50.139Z,3,dcline,Danelle Cline,2024-10-13T22:44:50.139Z,Box,3,0.48357448577880857,1856.926025390625,0.24151446024576823,521.6712341308594,0.059311199188232425,227.7550048828125,0.08017183939615885,173.17117309570312,https://mantis.shore.mbari.org/3/annotation/154295?selected_entity=3e1985c0-e374-4fd0-9e9c-69101745dc29&selected_type=box_3&section=142&frame=4435&version=26,Ctenophora sp. A,Unknown C-1,,false,674.3686,Ventana 4505,false,,,2023-10-19T18:05:36+00:00,,36.698552,-122.047444,,0.278,-1,0.9200479984283447,,5.066,true
154295,V4505_20231019T180422Z_h265.mp4,142,Video/2023/10,25,mldevops,mldevops mldevops,2024-10-13T22:39:57.755Z,25,mldevops,mldevops mldevops,2024-10-13T22:39:57.765Z,Video,49,3840,2160,3840x2160,live,59.94005994005994,21580,6.0004388888888895,,2023-10-19T18:04:22+00:00,e37d6c6a-b7fb-42d7-8de1-6d7f8717aa52,2461624,bfd39940-e6f2-4b9e-8956-8e6308214855,,142,Video/2023/10,26,ctenophora-sp-a-yv5-vss,,154295,1678,25,mldevops,mldevops mldevops,2024-10-13T22:44:50.139Z,3,dcline,Danelle Cline,2024-10-13T22:44:50.139Z,Box,3,0.4371354579925537,1678.6001586914062,0.3859605153401693,833.6747131347656,0.04101438522338867,157.4952392578125,0.06333906385633681,136.8123779296875,https://mantis.shore.mbari.org/3/annotation/154295?selected_entity=bfd39940-e6f2-4b9e-8956-8e6308214855&selected_type=box_3&section=142&frame=1678&version=26,Ctenophora sp. A,Unknown C-1,,false,677.8116,Ventana 4505,false,,,2023-10-19T18:04:50+00:00,,36.698544,-122.047471,,0.278,-1,0.8560479879379272,,5.029,true
154295,V4505_20231019T180422Z_h265.mp4,142,Video/2023/10,25,mldevops,mldevops mldevops,2024-10-13T22:39:57.755Z,25,mldevops,mldevops mldevops,2024-10-13T22:39:57.765Z,Video,49,3840,2160,3840x2160,live,59.94005994005994,21580,6.0004388888888895,,2023-10-19T18:04:22+00:00,e37d6c6a-b7fb-42d7-8de1-6d7f8717aa52,2461625,0f8ddf0f-de3f-4877-92ba-38e67b50de52,,142,Video/2023/10,26,ctenophora-sp-a-yv5-vss,,154295,479,25,mldevops,mldevops mldevops,2024-10-13T22:44:50.139Z,3,dcline,Danelle Cline,2024-10-13T22:44:50.139Z,Box,3,0.48740425109863283,1871.63232421875,0.40664982265896266,878.3636169433594,0.06564807891845703,252.088623046875,0.10236392550998263,221.1060791015625,https://mantis.shore.mbari.org/3/annotation/154295?selected_entity=0f8ddf0f-de3f-4877-92ba-38e67b50de52&selected_type=box_3&section=142&frame=479&version=26,Ctenophora sp. A,Unknown C-1,,false,679.2561,Ventana 4505,false,,,2023-10-19T18:04:30+00:00,,36.698535,-122.047482,,0.283,-1,0.9368793964385986,,5.008,true
154295,V4505_20231019T180422Z_h265.mp4,142,Video/2023/10,25,mldevops,mldevops mldevops,2024-10-13T22:39:57.755Z,25,mldevops,mldevops mldevops,2024-10-13T22:39:57.765Z,Video,49,3840,2160,3840x2160,live,59.94005994005994,21580,6.0004388888888895,,2023-10-19T18:04:22+00:00,e37d6c6a-b7fb-42d7-8de1-6d7f8717aa52,2461626,f3c1f33e-b646-406c-a599-c0b33a3b2fdc,,142,Video/2023/10,26,ctenophora-sp-a-yv5-vss,,154295,2997,25,mldevops,mldevops mldevops,2024-10-13T22:44:50.140Z,3,dcline,Danelle Cline,2024-10-13T22:44:50.140Z,Box,3,0.5615403652191162,2156.3150024414062,0.4104007720947266,886.4656677246094,0.030736732482910156,118.029052734375,0.0630661858452691,136.22296142578125,https://mantis.shore.mbari.org/3/annotation/154295?selected_entity=f3c1f33e-b646-406c-a599-c0b33a3b2fdc&selected_type=box_3&section=142&frame=2997&version=26,Ctenophora sp. A,Unknown C-1,,false,676.4067,Ventana 4505,false,,,2023-10-19T18:05:12+00:00,,36.698551,-122.047454,,0.282,-1,0.7905092239379883,,5.039,true
154295,V4505_20231019T180422Z_h265.mp4,142,Video/2023/10,25,mldevops,mldevops mldevops,2024-10-13T22:39:57.755Z,25,mldevops,mldevops mldevops,2024-10-13T22:39:57.765Z,Video,49,3840,2160,3840x2160,live,59.94005994005994,21580,6.0004388888888895,,2023-10-19T18:04:22+00:00,e37d6c6a-b7fb-42d7-8de1-6d7f8717aa52,2461627,1ec70f1e-f3d4-43e6-9fdc-98211c499f45,,142,Video/2023/10,26,ctenophora-sp-a-yv5-vss,,154295,4555,25,mldevops,mldevops mldevops,2024-10-13T22:44:50.140Z,3,dcline,Danelle Cline,2024-10-13T22:44:50.140Z,Box,3,0.5718867301940918,2196.0450439453125,0.2712898042466905,585.9859771728516,0.044648265838623045,171.4493408203125,0.06700509389241537,144.7310028076172,https://mantis.shore.mbari.org/3/annotation/154295?selected_entity=1ec70f1e-f3d4-43e6-9fdc-98211c499f45&selected_type=box_3&section=142&frame=4555&version=26,Ctenophora sp. A,Unknown C-1,,false,674.1509,Ventana 4505,false,,,2023-10-19T18:05:38+00:00,,36.698553,-122.047442,,0.282,-1,0.8689093589782715,,5.076,true
154295,V4505_20231019T180422Z_h265.mp4,142,Video/2023/10,25,mldevops,mldevops mldevops,2024-10-13T22:39:57.755Z,25,mldevops,mldevops mldevops,2024-10-13T22:39:57.765Z,Video,49,3840,2160,3840x2160,live,59.94005994005994,21580,6.0004388888888895,,2023-10-19T18:04:22+00:00,e37d6c6a-b7fb-42d7-8de1-6d7f8717aa52,2461628,9cf5629b-72bc-4fd0-a4ad-c98c7d565784,,142,Video/2023/10,26,ctenophora-sp-a-yv5-vss,,154295,1798,25,mldevops,mldevops mldevops,2024-10-13T22:44:50.140Z,3,dcline,Danelle Cline,2024-10-13T22:44:50.140Z,Box,3,0.4504906177520752,1729.8839721679688,0.20389815436469183,440.4200134277344,0.042960166931152344,164.967041015625,0.05268503824869792,113.7996826171875,https://mantis.shore.mbari.org/3/annotation/154295?selected_entity=9cf5629b-72bc-4fd0-a4ad-c98c7d565784&selected_type=box_3&section=142&frame=1798&version=26,Ctenophora sp. A,Unknown C-1,,false,677.76215,Ventana 4505,false,,,2023-10-19T18:04:52+00:00,,36.698545,-122.04747,,0.278,-1,0.8428652286529541,,5.032,true
154295,V4505_20231019T180422Z_h265.mp4,142,Video/2023/10,25,mldevops,mldevops mldevops,2024-10-13T22:39:57.755Z,25,mldevops,mldevops mldevops,2024-10-13T22:39:57.765Z,Video,49,3840,2160,3840x2160,live,59.94005994005994,21580,6.0004388888888895,,2023-10-19T18:04:22+00:00,e37d6c6a-b7fb-42d7-8de1-6d7f8717aa52,2461629,6e5247e4-6b94-4bc9-bba8-7cef73889976,,142,Video/2023/10,26,ctenophora-sp-a-yv5-vss,,154295,3716,25,mldevops,mldevops mldevops,2024-10-13T22:44:50.140Z,3,dcline,Danelle Cline,2024-10-13T22:44:50.140Z,Box,3,0.5171371459960937,1985.806640625,0.18006036546495224,388.9303894042968,0.023912715911865234,91.8248291015625,0.06762754652235244,146.07550048828125,https://mantis.shore.mbari.org/3/annotation/154295?selected_entity=6e5247e4-6b94-4bc9-bba8-7cef73889976&selected_type=box_3&section=142&frame=3716&version=26,Ctenophora sp. A,Unknown C-1,,false,675.5855,Ventana 4505,false,,,2023-10-19T18:05:24+00:00,,36.698551,-122.047449,,0.282,-1,0.8351213932037354,,5.075,true
154295,V4505_20231019T180422Z_h265.mp4,142,Video/2023/10,25,mldevops,mldevops mldevops,2024-10-13T22:39:57.755Z,25,mldevops,mldevops mldevops,2024-10-13T22:39:57.765Z,Video,49,3840,2160,3840x2160,live,59.94005994005994,21580,6.0004388888888895,,2023-10-19T18:04:22+00:00,e37d6c6a-b7fb-42d7-8de1-6d7f8717aa52,2461630,53e09dca-6715-4a94-b618-2e4fc44b0f9d,,142,Video/2023/10,26,ctenophora-sp-a-yv5-vss,,154295,4915,25,mldevops,mldevops mldevops,2024-10-13T22:44:50.140Z,3,dcline,Danelle Cline,2024-10-13T22:44:50.140Z,Box,3,0.31810243129730226,1221.5133361816406,0.4078852759467231,881.0321960449219,0.030858325958251952,118.4959716796875,0.07336519029405382,158.46881103515625,https://mantis.shore.mbari.org/3/annotation/154295?selected_entity=53e09dca-6715-4a94-b618-2e4fc44b0f9d&selected_type=box_3&section=142&frame=4915&version=26,Ctenophora sp. A,Unknown C-1,,false,673.5276,Ventana 4505,false,,,2023-10-19T18:05:44+00:00,,36.698555,-122.047438,,0.282,-1,0.8153445720672607,,5.083,true
154295,V4505_20231019T180422Z_h265.mp4,142,Video/2023/10,25,mldevops,mldevops mldevops,2024-10-13T22:39:57.755Z,25,mldevops,mldevops mldevops,2024-10-13T22:39:57.765Z,Video,49,3840,2160,3840x2160,live,59.94005994005994,21580,6.0004388888888895,,2023-10-19T18:04:22+00:00,e37d6c6a-b7fb-42d7-8de1-6d7f8717aa52,2461631,1ce75335-bd69-4360-984b-6df715f57e78,,142,Video/2023/10,26,ctenophora-sp-a-yv5-vss,,154295,4075,25,mldevops,mldevops mldevops,2024-10-13T22:44:50.140Z,3,dcline,Danelle Cline,2024-10-13T22:44:50.140Z,Box,3,0.504944133758545,1938.9854736328127,0.11266770892673068,243.36225128173828,0.031501388549804686,120.96533203125,0.04865719477335612,105.09954071044922,https://mantis.shore.mbari.org/3/annotation/154295?selected_entity=1ce75335-bd69-4360-984b-6df715f57e78&selected_type=box_3&section=142&frame=4075&version=26,Ctenophora sp. A,Unknown C-1,,false,675.0908,Ventana 4505,false,,,2023-10-19T18:05:30+00:00,,36.698551,-122.047447,,0.282,-1,0.7343739867210388,,5.062,true
154295,V4505_20231019T180422Z_h265.mp4,142,Video/2023/10,25,mldevops,mldevops mldevops,2024-10-13T22:39:57.755Z,25,mldevops,mldevops mldevops,2024-10-13T22:39:57.765Z,Video,49,3840,2160,3840x2160,live,59.94005994005994,21580,6.0004388888888895,,2023-10-19T18:04:22+00:00,e37d6c6a-b7fb-42d7-8de1-6d7f8717aa52,2461632,3016c396-2f04-4f2f-910a-512e5585e20c,,142,Video/2023/10,26,ctenophora-sp-a-yv5-vss,,154295,2637,25,mldevops,mldevops mldevops,2024-10-13T22:44:50.140Z,3,dcline,Danelle Cline,2024-10-13T22:44:50.140Z,Box,3,0.48743462562561035,1871.7489624023438,0.13235609266493056,285.88916015625,0.04890022277832031,187.77685546875,0.10395431518554688,224.54132080078125,https://mantis.shore.mbari.org/3/annotation/154295?selected_entity=3016c396-2f04-4f2f-910a-512e5585e20c&selected_type=box_3&section=142&frame=2637&version=26,Ctenophora sp. A,Unknown C-1,,false,676.8816,Ventana 4505,false,,,2023-10-19T18:05:06+00:00,,36.69855,-122.047458,,0.278,-1,0.9028241038322449,,5.023,true
154295,V4505_20231019T180422Z_h265.mp4,142,Video/2023/10,25,mldevops,mldevops mldevops,2024-10-13T22:39:57.755Z,25,mldevops,mldevops mldevops,2024-10-13T22:39:57.765Z,Video,49,3840,2160,3840x2160,live,59.94005994005994,21580,6.0004388888888895,,2023-10-19T18:04:22+00:00,e37d6c6a-b7fb-42d7-8de1-6d7f8717aa52,2461633,ae68951b-5df1-47eb-8b34-26b53c7b46ac,,142,Video/2023/10,26,ctenophora-sp-a-yv5-vss,,154295,5154,25,mldevops,mldevops mldevops,2024-10-13T22:44:50.140Z,3,dcline,Danelle Cline,2024-10-13T22:44:50.140Z,Box,3,0.26031672954559326,999.6162414550781,0.8135853237575955,1757.3442993164062,0.039147138595581055,150.32501220703125,0.06772952609592015,146.2957763671875,https://mantis.shore.mbari.org/3/annotation/154295?selected_entity=ae68951b-5df1-47eb-8b34-26b53c7b46ac&selected_type=box_3&section=142&frame=5154&version=26,Ctenophora sp. A,Unknown C-1,,false,673.11206,Ventana 4505,false,,,2023-10-19T18:05:48+00:00,,36.698557,-122.047435,,0.278,-1,0.8234877586364746,,5.084,true
154295,V4505_20231019T180422Z_h265.mp4,142,Video/2023/10,25,mldevops,mldevops mldevops,2024-10-13T22:39:57.755Z,25,mldevops,mldevops mldevops,2024-10-13T22:39:57.765Z,Video,49,3840,2160,3840x2160,live,59.94005994005994,21580,6.0004388888888895,,2023-10-19T18:04:22+00:00,e37d6c6a-b7fb-42d7-8de1-6d7f8717aa52,2461634,e602f326-c36a-4998-88fb-510d94c82ed0,,142,Video/2023/10,26,ctenophora-sp-a-yv5-vss,,154295,1438,25,mldevops,mldevops mldevops,2024-10-13T22:44:50.140Z,3,dcline,Danelle Cline,2024-10-13T22:44:50.140Z,Box,3,0.5471863746643066,2101.1956787109375,0.08709148830837674,188.11761474609375,0.03030052185058594,116.35400390625,0.06564061906602647,141.7837371826172,https://mantis.shore.mbari.org/3/annotation/154295?selected_entity=e602f326-c36a-4998-88fb-510d94c82ed0&selected_type=box_3&section=142&frame=1438&version=26,Ctenophora sp. A,Unknown C-1,,false,678.1084,Ventana 4505,false,,,2023-10-19T18:04:46+00:00,,36.698542,-122.047474,,0.282,-1,0.7885651588439941,,5.025,true
154295,V4505_20231019T180422Z_h265.mp4,142,Video/2023/10,25,mldevops,mldevops mldevops,2024-10-13T22:39:57.755Z,25,mldevops,mldevops mldevops,2024-10-13T22:39:57.765Z,Video,49,3840,2160,3840x2160,live,59.94005994005994,21580,6.0004388888888895,,2023-10-19T18:04:22+00:00,e37d6c6a-b7fb-42d7-8de1-6d7f8717aa52,2461635,2024543f-5ff2-4804-bb29-55ca6dd08d68,,142,Video/2023/10,26,ctenophora-sp-a-yv5-vss,,154295,1318,25,mldevops,mldevops mldevops,2024-10-13T22:44:50.140Z,3,dcline,Danelle Cline,2024-10-13T22:44:50.140Z,Box,3,0.6198092460632324,2380.0675048828125,0.15661722819010418,338.293212890625,0.030972957611083984,118.9361572265625,0.05983301798502604,129.23931884765625,https://mantis.shore.mbari.org/3/annotation/154295?selected_entity=2024543f-5ff2-4804-bb29-55ca6dd08d68&selected_type=box_3&section=142&frame=1318&version=26,Ctenophora sp. A,Unknown C-1,,false,678.2172,Ventana 4505,false,,,2023-10-19T18:04:44+00:00,,36.698541,-122.047476,,0.278,-1,0.7816570401191711,,5.018,true
154295,V4505_20231019T180422Z_h265.mp4,142,Video/2023/10,25,mldevops,mldevops mldevops,2024-10-13T22:39:57.755Z,25,mldevops,mldevops mldevops,2024-10-13T22:39:57.765Z,Video,49,3840,2160,3840x2160,live,59.94005994005994,21580,6.0004388888888895,,2023-10-19T18:04:22+00:00,e37d6c6a-b7fb-42d7-8de1-6d7f8717aa52,2461636,5f04151e-48d7-4789-9e99-2624de7c6fd1,,142,Video/2023/10,26,ctenophora-sp-a-yv5-vss,,154295,1558,25,mldevops,mldevops mldevops,2024-10-13T22:44:50.140Z,3,dcline,Danelle Cline,2024-10-13T22:44:50.140Z,Box,3,0.48382091522216797,1857.872314453125,0.1112927966647678,240.39244079589844,0.025864315032958985,99.3189697265625,0.08233299255371093,177.83926391601562,https://mantis.shore.mbari.org/3/annotation/154295?selected_entity=5f04151e-48d7-4789-9e99-2624de7c6fd1&selected_type=box_3&section=142&frame=1558&version=26,Ctenophora sp. A,Unknown C-1,,false,677.96,Ventana 4505,false,,,2023-10-19T18:04:48+00:00,,36.698543,-122.047473,,0.282,-1,0.8236377835273743,,5.031,true
154295,V4505_20231019T180422Z_h265.mp4,142,Video/2023/10,25,mldevops,mldevops mldevops,2024-10-13T22:39:57.755Z,25,mldevops,mldevops mldevops,2024-10-13T22:39:57.765Z,Video,49,3840,2160,3840x2160,live,59.94005994005994,21580,6.0004388888888895,,2023-10-19T18:04:22+00:00,e37d6c6a-b7fb-42d7-8de1-6d7f8717aa52,2461637,1d4b902f-06ee-4a3a-8aac-cdc1f82e4bc2,,142,Video/2023/10,26,ctenophora-sp-a-yv5-vss,,154295,119,25,mldevops,mldevops mldevops,2024-10-13T22:44:50.140Z,3,dcline,Danelle Cline,2024-10-13T22:44:50.140Z,Box,3,0.5914147377014161,2271.0325927734375,0.3714871300591363,802.4122009277344,0.03724517822265625,143.021484375,0.07372046576605903,159.23620605468753,https://mantis.shore.mbari.org/3/annotation/154295?selected_entity=1d4b902f-06ee-4a3a-8aac-cdc1f82e4bc2&selected_type=box_3&section=142&frame=119&version=26,Ctenophora sp. A,Unknown C-1,,false,679.5529,Ventana 4505,false,,,2023-10-19T18:04:24+00:00,,36.698533,-122.047483,,0.275,-1,0.8729415535926819,,5.006,true
154295,V4505_20231019T180422Z_h265.mp4,142,Video/2023/10,25,mldevops,mldevops mldevops,2024-10-13T22:39:57.755Z,25,mldevops,mldevops mldevops,2024-10-13T22:39:57.765Z,Video,49,3840,2160,3840x2160,live,59.94005994005994,21580,6.0004388888888895,,2023-10-19T18:04:22+00:00,e37d6c6a-b7fb-42d7-8de1-6d7f8717aa52,2461638,897fae78-3eaf-4325-8719-5b1c3ffc81b4,,142,Video/2023/10,26,ctenophora-sp-a-yv5-vss,,154295,5034,25,mldevops,mldevops mldevops,2024-10-13T22:44:50.140Z,3,dcline,Danelle Cline,2024-10-13T22:44:50.140Z,Box,3,0.26698334217071534,1025.2160339355469,0.5921192593044705,1278.9776000976562,0.033988428115844724,130.51556396484375,0.07420645819769965,160.28594970703125,https://mantis.shore.mbari.org/3/annotation/154295?selected_entity=897fae78-3eaf-4325-8719-5b1c3ffc81b4&selected_type=box_3&section=142&frame=5034&version=26,Ctenophora sp. A,Unknown C-1,,false,673.3297,Ventana 4505,false,,,2023-10-19T18:05:46+00:00,,36.698556,-122.047437,,0.282,-1,0.8716722130775452,,5.084,true
154295,V4505_20231019T180422Z_h265.mp4,142,Video/2023/10,25,mldevops,mldevops mldevops,2024-10-13T22:39:57.755Z,25,mldevops,mldevops mldevops,2024-10-13T22:39:57.765Z,Video,49,3840,2160,3840x2160,live,59.94005994005994,21580,6.0004388888888895,,2023-10-19T18:04:22+00:00,e37d6c6a-b7fb-42d7-8de1-6d7f8717aa52,2461639,5a8a8f0f-12f8-4413-b193-0eebab40c264,,142,Video/2023/10,26,ctenophora-sp-a-yv5-vss,,154295,4315,25,mldevops,mldevops mldevops,2024-10-13T22:44:50.140Z,3,dcline,Danelle Cline,2024-10-13T22:44:50.140Z,Box,3,0.537732458114624,2064.8926391601562,0.23923130035400392,516.7396087646484,0.030569171905517577,117.3856201171875,0.06803262498643663,146.95046997070312,https://mantis.shore.mbari.org/3/annotation/154295?selected_entity=5a8a8f0f-12f8-4413-b193-0eebab40c264&selected_type=box_3&section=142&frame=4315&version=26,Ctenophora sp. A,Unknown C-1,,false,674.56647,Ventana 4505,false,,,2023-10-19T18:05:34+00:00,,36.698552,-122.047445,,0.282,-1,0.8724619150161743,,5.057,true
154295,V4505_20231019T180422Z_h265.mp4,142,Video/2023/10,25,mldevops,mldevops mldevops,2024-10-13T22:39:57.755Z,25,mldevops,mldevops mldevops,2024-10-13T22:39:57.765Z,Video,49,3840,2160,3840x2160,live,59.94005994005994,21580,6.0004388888888895,,2023-10-19T18:04:22+00:00,e37d6c6a-b7fb-42d7-8de1-6d7f8717aa52,2461640,81e5b7da-33e0-4ee6-9bc2-c07ed06d6171,,142,Video/2023/10,26,ctenophora-sp-a-yv5-vss,,154295,4675,25,mldevops,mldevops mldevops,2024-10-13T22:44:50.140Z,3,dcline,Danelle Cline,2024-10-13T22:44:50.140Z,Box,3,0.517560625076294,1987.4328002929688,0.43152317470974394,932.0900573730469,0.03443145751953125,132.216796875,0.05045284695095486,108.9781494140625,https://mantis.shore.mbari.org/3/annotation/154295?selected_entity=81e5b7da-33e0-4ee6-9bc2-c07ed06d6171&selected_type=box_3&section=142&frame=4675&version=26,Ctenophora sp. A,Unknown C-1,,false,673.92334,Ventana 4505,false,,,2023-10-19T18:05:40+00:00,,36.698553,-122.047441,,0.286,-1,0.6465550661087036,,5.074,true
154295,V4505_20231019T180422Z_h265.mp4,142,Video/2023/10,25,mldevops,mldevops mldevops,2024-10-13T22:39:57.755Z,25,mldevops,mldevops mldevops,2024-10-13T22:39:57.765Z,Video,49,3840,2160,3840x2160,live,59.94005994005994,21580,6.0004388888888895,,2023-10-19T18:04:22+00:00,e37d6c6a-b7fb-42d7-8de1-6d7f8717aa52,2461641,b4fe6059-6c8f-42a4-aab5-6828931b2969,,142,Video/2023/10,26,ctenophora-sp-a-yv5-vss,,154295,2277,25,mldevops,mldevops mldevops,2024-10-13T22:44:50.140Z,3,dcline,Danelle Cline,2024-10-13T22:44:50.140Z,Box,3,0.3236768484115601,1242.9190979003906,0.10414969126383464,224.9633331298828,0.03383426666259766,129.923583984375,0.090123536851671,194.66683959960938,https://mantis.shore.mbari.org/3/annotation/154295?selected_entity=b4fe6059-6c8f-42a4-aab5-6828931b2969&selected_type=box_3&section=142&frame=2277&version=26,Ctenophora sp. A,Unknown C-1,,false,677.1784,Ventana 4505,false,,,2023-10-19T18:05:00+00:00,,36.698549,-122.047463,,0.278,-1,0.8962268829345703,,5.032,true
154295,V4505_20231019T180422Z_h265.mp4,142,Video/2023/10,25,mldevops,mldevops mldevops,2024-10-13T22:39:57.755Z,25,mldevops,mldevops mldevops,2024-10-13T22:39:57.765Z,Video,49,3840,2160,3840x2160,live,59.94005994005994,21580,6.0004388888888895,,2023-10-19T18:04:22+00:00,e37d6c6a-b7fb-42d7-8de1-6d7f8717aa52,2461642,ccbc64aa-d490-4b31-85ef-8551bb25f673,,142,Video/2023/10,26,ctenophora-sp-a-yv5-vss,,154295,2397,25,mldevops,mldevops mldevops,2024-10-13T22:44:50.141Z,3,dcline,Danelle Cline,2024-10-13T22:44:50.141Z,Box,3,0.27732486724853517,1064.927490234375,0.5347482045491536,1155.0561218261719,0.03981361389160156,152.88427734375,0.08939573499891493,193.09478759765625,https://mantis.shore.mbari.org/3/annotation/154295?selected_entity=ccbc64aa-d490-4b31-85ef-8551bb25f673&selected_type=box_3&section=142&frame=2397&version=26,Ctenophora sp. A,Unknown C-1,,false,677.0399,Ventana 4505,false,,,2023-10-19T18:05:02+00:00,,36.698549,-122.047461,,0.278,-1,0.9171308875083923,,5.032,true
154295,V4505_20231019T180422Z_h265.mp4,142,Video/2023/10,25,mldevops,mldevops mldevops,2024-10-13T22:39:57.755Z,25,mldevops,mldevops mldevops,2024-10-13T22:39:57.765Z,Video,49,3840,2160,3840x2160,live,59.94005994005994,21580,6.0004388888888895,,2023-10-19T18:04:22+00:00,e37d6c6a-b7fb-42d7-8de1-6d7f8717aa52,2461643,8f4a205a-9b78-41bb-96a4-e6ac8356d863,,142,Video/2023/10,26,ctenophora-sp-a-yv5-vss,,154295,719,25,mldevops,mldevops mldevops,2024-10-13T22:44:50.141Z,3,dcline,Danelle Cline,2024-10-13T22:44:50.141Z,Box,3,0.4496746063232422,1726.75048828125,0.07594126595391168,164.03313446044922,0.08231754302978515,316.099365234375,0.09258739683363172,199.98877716064453,https://mantis.shore.mbari.org/3/annotation/154295?selected_entity=8f4a205a-9b78-41bb-96a4-e6ac8356d863&selected_type=box_3&section=142&frame=719&version=26,Ctenophora sp. A,Unknown C-1,,false,679.0879,Ventana 4505,false,,,2023-10-19T18:04:34+00:00,,36.698537,-122.047481,,0.283,-1,0.9419746398925781,,5.007,true
154295,V4505_20231019T180422Z_h265.mp4,142,Video/2023/10,25,mldevops,mldevops mldevops,2024-10-13T22:39:57.755Z,25,mldevops,mldevops mldevops,2024-10-13T22:39:57.765Z,Video,49,3840,2160,3840x2160,live,59.94005994005994,21580,6.0004388888888895,,2023-10-19T18:04:22+00:00,e37d6c6a-b7fb-42d7-8de1-6d7f8717aa52,2461644,474749f0-4586-4a64-b2fc-c2d6ca504749,,142,Video/2023/10,26,ctenophora-sp-a-yv5-vss,,154295,359,25,mldevops,mldevops mldevops,2024-10-13T22:44:50.141Z,3,dcline,Danelle Cline,2024-10-13T22:44:50.141Z,Box,3,0.6039556503295899,2319.189697265625,0.255384890238444,551.6313629150391,0.03445358276367187,132.3017578125,0.09973968929714627,215.43772888183594,https://mantis.shore.mbari.org/3/annotation/154295?selected_entity=474749f0-4586-4a64-b2fc-c2d6ca504749&selected_type=box_3&section=142&frame=359&version=26,Ctenophora sp. A,Unknown C-1,,false,679.3748,Ventana 4505,false,,,2023-10-19T18:04:28+00:00,,36.698535,-122.047482,,0.283,-1,0.9008753895759583,,5.007,true
154295,V4505_20231019T180422Z_h265.mp4,142,Video/2023/10,25,mldevops,mldevops mldevops,2024-10-13T22:39:57.755Z,25,mldevops,mldevops mldevops,2024-10-13T22:39:57.765Z,Video,49,3840,2160,3840x2160,live,59.94005994005994,21580,6.0004388888888895,,2023-10-19T18:04:22+00:00,e37d6c6a-b7fb-42d7-8de1-6d7f8717aa52,2461645,e62d7edf-20e5-49d7-9a44-9bc557f141e3,,142,Video/2023/10,26,ctenophora-sp-a-yv5-vss,,154295,0,25,mldevops,mldevops mldevops,2024-10-13T22:44:50.141Z,3,dcline,Danelle Cline,2024-10-13T22:44:50.141Z,Box,3,0.561042070388794,2154.4015502929688,0.2546362135145399,550.0142211914062,0.03310813903808594,127.13525390625,0.08348486158582899,180.32730102539062,https://mantis.shore.mbari.org/3/annotation/154295?selected_entity=e62d7edf-20e5-49d7-9a44-9bc557f141e3&selected_type=box_3&section=142&frame=0&version=26,Ctenophora sp. A,Unknown C-1,,false,679.6419,Ventana 4505,false,,,2023-10-19T18:04:22+00:00,,36.698532,-122.047484,,0.283,-1,0.8959913849830627,,5.006,true
154295,V4505_20231019T180422Z_h265.mp4,142,Video/2023/10,25,mldevops,mldevops mldevops,2024-10-13T22:39:57.755Z,25,mldevops,mldevops mldevops,2024-10-13T22:39:57.765Z,Video,49,3840,2160,3840x2160,live,59.94005994005994,21580,6.0004388888888895,,2023-10-19T18:04:22+00:00,e37d6c6a-b7fb-42d7-8de1-6d7f8717aa52,2461646,a96a1246-f36e-4a82-9c4e-96aedcb6f705,,142,Video/2023/10,26,ctenophora-sp-a-yv5-vss,,154295,3596,25,mldevops,mldevops mldevops,2024-10-13T22:44:50.141Z,3,dcline,Danelle Cline,2024-10-13T22:44:50.141Z,Box,3,0.5298334121704101,2034.560302734375,0.09096884197658962,196.4926986694336,0.023922061920166014,91.8607177734375,0.058317046695285375,125.9648208618164,https://mantis.shore.mbari.org/3/annotation/154295?selected_entity=a96a1246-f36e-4a82-9c4e-96aedcb6f705&selected_type=box_3&section=142&frame=3596&version=26,Ctenophora sp. A,Unknown C-1,,false,675.7834,Ventana 4505,false,,,2023-10-19T18:05:22+00:00,,36.698551,-122.04745,,0.278,-1,0.8359284400939941,,5.085,true
154295,V4505_20231019T180422Z_h265.mp4,142,Video/2023/10,25,mldevops,mldevops mldevops,2024-10-13T22:39:57.755Z,25,mldevops,mldevops mldevops,2024-10-13T22:39:57.765Z,Video,49,3840,2160,3840x2160,live,59.94005994005994,21580,6.0004388888888895,,2023-10-19T18:04:22+00:00,e37d6c6a-b7fb-42d7-8de1-6d7f8717aa52,2461647,0b2d6f1d-9967-4ebb-a8a5-6ffedcfcde72,,142,Video/2023/10,26,ctenophora-sp-a-yv5-vss,,154295,2517,25,mldevops,mldevops mldevops,2024-10-13T22:44:50.141Z,3,dcline,Danelle Cline,2024-10-13T22:44:50.141Z,Box,3,0.2541266202926636,975.8462219238281,0.374137454562717,808.1369018554688,0.05405921936035156,207.58740234375,0.09239612155490451,199.57562255859375,https://mantis.shore.mbari.org/3/annotation/154295?selected_entity=0b2d6f1d-9967-4ebb-a8a5-6ffedcfcde72&selected_type=box_3&section=142&frame=2517&version=26,Ctenophora sp. A,Unknown C-1,,false,676.9311,Ventana 4505,false,,,2023-10-19T18:05:04+00:00,,36.69855,-122.047459,,0.282,-1,0.9299375414848328,,5.028,true
154295,V4505_20231019T180422Z_h265.mp4,142,Video/2023/10,25,mldevops,mldevops mldevops,2024-10-13T22:39:57.755Z,25,mldevops,mldevops mldevops,2024-10-13T22:39:57.765Z,Video,49,3840,2160,3840x2160,live,59.94005994005994,21580,6.0004388888888895,,2023-10-19T18:04:22+00:00,e37d6c6a-b7fb-42d7-8de1-6d7f8717aa52,2461648,a6d1c3c3-a87d-44ea-b9eb-72b8c714c06a,,142,Video/2023/10,26,ctenophora-sp-a-yv5-vss,,154295,2037,25,mldevops,mldevops mldevops,2024-10-13T22:44:50.141Z,3,dcline,Danelle Cline,2024-10-13T22:44:50.141Z,Box,3,0.5312679767608642,2040.0690307617188,0.09663043551974826,208.72174072265625,0.040003490447998044,153.6134033203125,0.06767908732096355,146.18682861328125,https://mantis.shore.mbari.org/3/annotation/154295?selected_entity=a6d1c3c3-a87d-44ea-b9eb-72b8c714c06a&selected_type=box_3&section=142&frame=2037&version=26,Ctenophora sp. A,Unknown C-1,,false,677.495,Ventana 4505,false,,,2023-10-19T18:04:56+00:00,,36.698547,-122.047466,,0.282,-1,0.8848152756690979,,5.039,true
154295,V4505_20231019T180422Z_h265.mp4,142,Video/2023/10,25,mldevops,mldevops mldevops,2024-10-13T22:39:57.755Z,25,mldevops,mldevops mldevops,2024-10-13T22:39:57.765Z,Video,49,3840,2160,3840x2160,live,59.94005994005994,21580,6.0004388888888895,,2023-10-19T18:04:22+00:00,e37d6c6a-b7fb-42d7-8de1-6d7f8717aa52,2461649,c64a21bb-a2fc-462c-9493-4d7ee52eda4e,,142,Video/2023/10,26,ctenophora-sp-a-yv5-vss,,154295,2157,25,mldevops,mldevops mldevops,2024-10-13T22:44:50.141Z,3,dcline,Danelle Cline,2024-10-13T22:44:50.141Z,Box,3,0.4696042537689209,1803.2803344726562,0.07044166988796657,152.1540069580078,0.036303043365478516,139.4036865234375,0.06890396542019314,148.8325653076172,https://mantis.shore.mbari.org/3/annotation/154295?selected_entity=c64a21bb-a2fc-462c-9493-4d7ee52eda4e&selected_type=box_3&section=142&frame=2157&version=26,Ctenophora sp. A,Unknown C-1,,false,677.3565,Ventana 4505,false,,,2023-10-19T18:04:58+00:00,,36.698548,-122.047464,,0.278,-1,0.8762834668159485,,5.034,true
154295,V4505_20231019T180422Z_h265.mp4,142,Video/2023/10,25,mldevops,mldevops mldevops,2024-10-13T22:39:57.755Z,25,mldevops,mldevops mldevops,2024-10-13T22:39:57.765Z,Video,49,3840,2160,3840x2160,live,59.94005994005994,21580,6.0004388888888895,,2023-10-19T18:04:22+00:00,e37d6c6a-b7fb-42d7-8de1-6d7f8717aa52,2461650,030e0e2b-a602-4331-ae2a-549ba26aa230,,142,Video/2023/10,26,ctenophora-sp-a-yv5-vss,,154295,5874,25,mldevops,mldevops mldevops,2024-10-13T22:44:50.141Z,3,dcline,Danelle Cline,2024-10-13T22:44:50.141Z,Box,3,0.44597835540771485,1712.556884765625,0.8859182569715712,1913.5834350585938,0.035582351684570315,136.63623046875,0.06643897162543402,143.5081787109375,https://mantis.shore.mbari.org/3/annotation/154295?selected_entity=030e0e2b-a602-4331-ae2a-549ba26aa230&selected_type=box_3&section=142&frame=5874&version=26,Ctenophora sp. A,Unknown C-1,,false,672.3106,Ventana 4505,false,,,2023-10-19T18:06:00+00:00,,36.698564,-122.047429,,0.278,-1,0.8295726180076599,,5.069,true
154295,V4505_20231019T180422Z_h265.mp4,142,Video/2023/10,25,mldevops,mldevops mldevops,2024-10-13T22:39:57.755Z,25,mldevops,mldevops mldevops,2024-10-13T22:39:57.765Z,Video,49,3840,2160,3840x2160,live,59.94005994005994,21580,6.0004388888888895,,2023-10-19T18:04:22+00:00,e37d6c6a-b7fb-42d7-8de1-6d7f8717aa52,2461651,c1698738-8afa-4b72-8f98-bbb21efea2c4,,142,Video/2023/10,26,ctenophora-sp-a-yv5-vss,,154295,2757,25,mldevops,mldevops mldevops,2024-10-13T22:44:50.141Z,3,dcline,Danelle Cline,2024-10-13T22:44:50.141Z,Box,3,0.5181640148162842,1989.7498168945312,0.2683905283610026,579.7235412597656,0.04542455673217773,174.4302978515625,0.09498456319173178,205.16665649414062,https://mantis.shore.mbari.org/3/annotation/154295?selected_entity=c1698738-8afa-4b72-8f98-bbb21efea2c4&selected_type=box_3&section=142&frame=2757&version=26,Ctenophora sp. A,Unknown C-1,,false,676.72327,Ventana 4505,false,,,2023-10-19T18:05:08+00:00,,36.698551,-122.047456,,0.282,-1,0.9109454154968262,,5.023,true
154295,V4505_20231019T180422Z_h265.mp4,142,Video/2023/10,25,mldevops,mldevops mldevops,2024-10-13T22:39:57.755Z,25,mldevops,mldevops mldevops,2024-10-13T22:39:57.765Z,Video,49,3840,2160,3840x2160,live,59.94005994005994,21580,6.0004388888888895,,2023-10-19T18:04:22+00:00,e37d6c6a-b7fb-42d7-8de1-6d7f8717aa52,2461652,c3c76cd3-a571-43fb-ae70-000cd8459497,,142,Video/2023/10,26,ctenophora-sp-a-yv5-vss,,154295,5754,25,mldevops,mldevops mldevops,2024-10-13T22:44:50.141Z,3,dcline,Danelle Cline,2024-10-13T22:44:50.141Z,Box,3,0.4802638053894043,1844.2130126953125,0.8895815531412761,1921.4961547851562,0.03262538909912109,125.28149414062499,0.06643914116753472,143.50854492187497,https://mantis.shore.mbari.org/3/annotation/154295?selected_entity=c3c76cd3-a571-43fb-ae70-000cd8459497&selected_type=box_3&section=142&frame=5754&version=26,Ctenophora sp. A,Unknown C-1,,false,672.4195,Ventana 4505,false,,,2023-10-19T18:05:58+00:00,,36.698563,-122.04743,,0.282,-1,0.8302492499351501,,5.083,true
154295,V4505_20231019T180422Z_h265.mp4,142,Video/2023/10,25,mldevops,mldevops mldevops,2024-10-13T22:39:57.755Z,25,mldevops,mldevops mldevops,2024-10-13T22:39:57.765Z,Video,49,3840,2160,3840x2160,live,59.94005994005994,21580,6.0004388888888895,,2023-10-19T18:04:22+00:00,e37d6c6a-b7fb-42d7-8de1-6d7f8717aa52,2461653,a0a97f3b-ce5d-4643-809d-d7a25ab2f35b,,142,Video/2023/10,26,ctenophora-sp-a-yv5-vss,,154295,5274,25,mldevops,mldevops mldevops,2024-10-13T22:44:50.141Z,3,dcline,Danelle Cline,2024-10-13T22:44:50.141Z,Box,3,0.2793635606765747,1072.7560729980469,0.5220096164279514,1127.540771484375,0.044836997985839844,172.174072265625,0.07035429212782118,151.96527099609375,https://mantis.shore.mbari.org/3/annotation/154295?selected_entity=a0a97f3b-ce5d-4643-809d-d7a25ab2f35b&selected_type=box_3&section=142&frame=5274&version=26,Ctenophora sp. A,Unknown C-1,,false,672.9735,Ventana 4505,false,,,2023-10-19T18:05:50+00:00,,36.698558,-122.047434,,0.282,-1,0.8117597103118896,,5.087,true
157856,D782_20150711T234800.399Z_t8s3_hd_tc06081710_h264.mp4,151,Video/2015/07,25,mldevops,mldevops mldevops,2024-12-18T12:45:21.102Z,25,mldevops,mldevops mldevops,2024-12-18T12:45:21.113Z,Video,49,1920,1080,1920x1080,live,29.97002997002997,28775,16.002097222222222,,2015-07-11T23:48:00.399000+00:00,e6212bfb-8f3b-4b38-b95d-85b1b82d9ab7,2581081,8fbcafbe-4a04-45b6-9e15-1e51e73048d6,,151,Video/2015/07,37,mega-vits-track-gcam,,157856,3016,25,mldevops,mldevops mldevops,2024-12-18T12:56:42.072Z,25,mldevops,mldevops mldevops,2024-12-18T12:56:42.072Z,Box,3,0.5011505126953125,962.208984375,0.36531407833099366,394.53920459747314,0.04408712387084961,84.64727783203125,0.08262617588043213,89.2362699508667,https://mantis.shore.mbari.org/3/annotation/157856?selected_entity=8fbcafbe-4a04-45b6-9e15-1e51e73048d6&selected_type=box_3&section=151&frame=3016&version=37,Ctenophora sp. A,Unknown C-1,,false,518.45703,Doc Ricketts 0782,false,,,2015-07-11T23:49:40+00:00,Eumedusa,36.1492,-124.293301,,0.431,-1,0.9998639822006226,0.00002394851435383316,5.177,true
157856,D782_20150711T234800.399Z_t8s3_hd_tc06081710_h264.mp4,151,Video/2015/07,25,mldevops,mldevops mldevops,2024-12-18T12:45:21.102Z,25,mldevops,mldevops mldevops,2024-12-18T12:45:21.113Z,Video,49,1920,1080,1920x1080,live,29.97002997002997,28775,16.002097222222222,,2015-07-11T23:48:00.399000+00:00,e6212bfb-8f3b-4b38-b95d-85b1b82d9ab7,2581130,0b457718-5717-4f9d-815a-0892ab0a2632,,151,Video/2015/07,37,mega-vits-track-gcam,,157856,8360,25,mldevops,mldevops mldevops,2024-12-18T13:19:31.562Z,25,mldevops,mldevops mldevops,2024-12-18T13:19:31.562Z,Box,3,0.4728257179260254,907.8253784179688,0.46897377967834475,506.4916820526123,0.029746246337890626,57.11279296875,0.06768274307250977,73.09736251831055,https://mantis.shore.mbari.org/3/annotation/157856?selected_entity=0b457718-5717-4f9d-815a-0892ab0a2632&selected_type=box_3&section=151&frame=8360&version=37,Ctenophora sp. A,Unknown C-1,,false,517.07074,Doc Ricketts 0782,false,,,2015-07-11T23:52:39+00:00,Ctenophora sp. A,36.149067,-124.293243,,0.431,-1,0.9998229146003723,0.9998229146003723,5.181,true
157856,D782_20150711T234800.399Z_t8s3_hd_tc06081710_h264.mp4,151,Video/2015/07,25,mldevops,mldevops mldevops,2024-12-18T12:45:21.102Z,25,mldevops,mldevops mldevops,2024-12-18T12:45:21.113Z,Video,49,1920,1080,1920x1080,live,29.97002997002997,28775,16.002097222222222,,2015-07-11T23:48:00.399000+00:00,e6212bfb-8f3b-4b38-b95d-85b1b82d9ab7,2581140,8f8ec050-acc4-4a76-b0bc-1bcd0d961eb5,,151,Video/2015/07,37,mega-vits-track-gcam,,157856,10328,25,mldevops,mldevops mldevops,2024-12-18T13:23:37.528Z,25,mldevops,mldevops mldevops,2024-12-18T13:23:37.528Z,Box,3,0.4608619689941406,884.85498046875,0.47354726791381835,511.4310493469238,0.09189453125,176.4375,0.16522502899169922,178.44303131103516,https://mantis.shore.mbari.org/3/annotation/157856?selected_entity=8f8ec050-acc4-4a76-b0bc-1bcd0d961eb5&selected_type=box_3&section=151&frame=10328&version=37,Ctenophora sp. A,Unknown C-1,,false,516.8925,Doc Ricketts 0782,false,,,2015-07-11T23:53:44+00:00,Ctenophora sp. A,36.149061,-124.293275,,0.431,-1,0.9995602965354919,0.9995602965354919,5.182,true
158037,D785_20150713T175342.547Z_t6s3_hd_tc04315906_h264.mp4,151,Video/2015/07,25,mldevops,mldevops mldevops,2024-12-19T15:11:59.997Z,25,mldevops,mldevops mldevops,2024-12-19T15:12:00.010Z,Video,49,1920,1080,1920x1080,live,29.97002997002997,27024,15.028346666666668,,2015-07-13T17:53:42.547000+00:00,1899acf7-fff3-40bb-b27d-ac120d402345,2585254,3d21a22b-f30f-4c48-a0f9-2c9074dde40d,,151,Video/2015/07,37,mega-vits-track-gcam,,158037,8784,25,mldevops,mldevops mldevops,2024-12-19T15:27:17.548Z,25,mldevops,mldevops mldevops,2024-12-19T15:27:17.548Z,Box,3,0.4660994052886963,894.9108581542969,0.5946619987487793,642.2349586486816,0.02075786590576178,39.855102539062614,0.039017963409423935,42.13940048217785,https://mantis.shore.mbari.org/3/annotation/158037?selected_entity=3d21a22b-f30f-4c48-a0f9-2c9074dde40d&selected_type=box_3&section=151&frame=8784&version=37,Ctenophora sp. A,Unknown C-1,,false,1034.43,Doc Ricketts 0785,false,,,2015-07-13T17:58:35+00:00,Ctenophora sp. A,36.599814,-122.150674,,0.474,-1,0.9997506737709045,0.9997506737709045,3.848,true
158045,D785_20150713T140805.899Z_t2s1_hd_tc00481700_h264.mp4,151,Video/2015/07,25,mldevops,mldevops mldevops,2024-12-19T16:00:55.283Z,25,mldevops,mldevops mldevops,2024-12-19T16:00:55.294Z,Video,49,1920,1080,1920x1080,live,29.97002997002997,28775,16.002097222222222,,2015-07-13T14:08:05.899000+00:00,7fa3dd57-4ab3-4f37-a6e8-c550d52624d4,2585392,634dfd7f-fb9c-4ac0-82c4-cbb9ba347adf,,151,Video/2015/07,37,mega-vits-track-gcam,,158045,16984,25,mldevops,mldevops mldevops,2024-12-19T16:13:55.294Z,25,mldevops,mldevops mldevops,2024-12-19T16:13:55.294Z,Box,3,0.5534205913543702,1062.5675354003906,0.9642011642456054,1041.337257385254,0.01935586929321289,37.16326904296875,0.03605632781982422,38.940834045410156,https://mantis.shore.mbari.org/3/annotation/158045?selected_entity=634dfd7f-fb9c-4ac0-82c4-cbb9ba347adf&selected_type=box_3&section=151&frame=16984&version=37,Ctenophora sp. A,Unknown C-1,,false,1055.7631,Doc Ricketts 0785,false,,,2015-07-13T14:17:32+00:00,mung,36.598947,-122.149992,,0.476,-1,0.8562501072883606,0.032489776611328125,3.82,true
158056,D785_20150713T142406.100Z_t2s2_hd_tc01041703_h264.mp4,151,Video/2015/07,25,mldevops,mldevops mldevops,2024-12-19T17:42:35.777Z,25,mldevops,mldevops mldevops,2024-12-19T17:42:35.789Z,Video,49,1920,1080,1920x1080,live,29.97002997002997,28775,16.002097222222222,,2015-07-13T14:24:06.100000+00:00,4f3c5450-c6d2-4ad6-b376-782606ee82e1,2585731,4faebf0d-6d36-4c1d-9fc8-eb24715ee734,,151,Video/2015/07,37,mega-vits-track-gcam,,158056,6296,25,mldevops,mldevops mldevops,2024-12-19T17:47:49.540Z,25,mldevops,mldevops mldevops,2024-12-19T17:47:49.540Z,Box,3,0.42501349449157716,816.0259094238281,0.8007643699645997,864.8255195617676,0.013616085052490234,26.14288330078125,0.047666931152343855,51.480285644531364,https://mantis.shore.mbari.org/3/annotation/158056?selected_entity=4faebf0d-6d36-4c1d-9fc8-eb24715ee734&selected_type=box_3&section=151&frame=6296&version=37,Ctenophora sp. A,Unknown C-1,,false,1316.2147,Doc Ricketts 0785,false,,,2015-07-13T14:27:35+00:00,Ctenophora sp. A,36.598434,-122.150092,,0.792,-1,0.9249993562698364,0.9249993562698364,3.08,true
158107,D858_20160613T200351.100Z_t7s2_hd_tc06234403_h264.mp4,152,Video/2016/06,25,mldevops,mldevops mldevops,2024-12-20T01:50:15.712Z,25,mldevops,mldevops mldevops,2024-12-20T01:50:15.726Z,Video,49,1920,1080,1920x1080,live,29.97002997002997,28775,16.002097222222222,,2016-06-13T20:03:51.100000+00:00,f6ab2b62-45f1-46cd-bf32-59a964d40b9a,2587449,1bc913ae-f2dd-4505-9eed-3e2b3b8ae772,,152,Video/2016/06,37,mega-vits-track-gcam,,158107,15880,25,mldevops,mldevops mldevops,2024-12-20T02:18:08.532Z,25,mldevops,mldevops mldevops,2024-12-20T02:18:08.532Z,Box,3,0.5617900371551514,1078.6368713378906,0.39889357089996336,430.80505657196045,0.09416904449462903,180.80456542968773,0.13545491695404052,146.29131031036377,https://mantis.shore.mbari.org/3/annotation/158107?selected_entity=1bc913ae-f2dd-4505-9eed-3e2b3b8ae772&selected_type=box_3&section=152&frame=15880&version=37,Ctenophora sp. A,Unknown C-1,,false,534.8947,Doc Ricketts 0858,false,,,2016-06-13T20:12:40+00:00,Ctenophora sp. A,36.33126,-122.898605,,0.337,-1,0.9997641444206238,0.9997641444206238,5.237,true
158107,D858_20160613T200351.100Z_t7s2_hd_tc06234403_h264.mp4,152,Video/2016/06,25,mldevops,mldevops mldevops,2024-12-20T01:50:15.712Z,25,mldevops,mldevops mldevops,2024-12-20T01:50:15.726Z,Video,49,1920,1080,1920x1080,live,29.97002997002997,28775,16.002097222222222,,2016-06-13T20:03:51.100000+00:00,f6ab2b62-45f1-46cd-bf32-59a964d40b9a,2587465,4d3ac03c-9afc-4f3c-9804-17165598222a,,152,Video/2016/06,37,mega-vits-track-gcam,,158107,17872,25,mldevops,mldevops mldevops,2024-12-20T02:21:59.776Z,25,mldevops,mldevops mldevops,2024-12-20T02:21:59.776Z,Box,3,0.4630836009979248,889.1205139160156,0.7082971096038818,764.9608783721924,0.1402151107788086,269.2130126953125,0.2174452304840088,234.8408489227295,https://mantis.shore.mbari.org/3/annotation/158107?selected_entity=4d3ac03c-9afc-4f3c-9804-17165598222a&selected_type=box_3&section=152&frame=17872&version=37,Ctenophora sp. A,Unknown C-1,,false,534.31055,Doc Ricketts 0858,false,,,2016-06-13T20:13:47+00:00,Beroe,36.331246,-122.898606,,0.337,-1,0.9998138546943665,0.00010062092042062432,5.239,true
158243,D963_20170612T175415.000Z_t5s2_hd_tc04232103_h264.mp4,153,Video/2017/06,25,mldevops,mldevops mldevops,2024-12-20T18:53:36.873Z,25,mldevops,mldevops mldevops,2024-12-20T18:53:36.883Z,Video,49,1920,1080,1920x1080,live,29.97002997002997,28775,16.002097222222222,,2017-06-12T17:54:15+00:00,9ba9b09e-f56a-4bef-b75d-06478c5a55b1,2591800,694d407d-d5d4-49f5-9003-b7caa09b0060,,153,Video/2017/06,37,mega-vits-track-gcam,,158243,15588,25,mldevops,mldevops mldevops,2024-12-20T19:28:34.048Z,25,mldevops,mldevops mldevops,2024-12-20T19:28:34.048Z,Box,3,0.5745320796966553,1103.1015930175781,0.37416691780090333,404.1002712249756,0.0329774856567384,63.31677246093773,0.05680780410766602,61.3524284362793,https://mantis.shore.mbari.org/3/annotation/158243?selected_entity=694d407d-d5d4-49f5-9003-b7caa09b0060&selected_type=box_3&section=153&frame=15588&version=37,Ctenophora sp. A,Unknown C-1,,false,1421.0482,Doc Ricketts 0963,false,,,2017-06-12T18:02:54+00:00,Poeobius meseres,36.599015,-122.149331,,0.836,-1,0.9993190765380859,0.00004921577055938542,2.923,true
158907,D1023_20180505T230043Z_h264.mp4,158,Video/2018/05,25,mldevops,mldevops mldevops,2024-12-21T15:42:24.618Z,25,mldevops,mldevops mldevops,2024-12-21T15:42:24.635Z,Video,49,1920,1080,1920x1080,live,29.97,26975,15.001112223334447,,2018-05-05T23:00:43+00:00,5524fea8-6eec-4a55-83fe-4d1529b10ef7,2598281,17909e36-06e4-4282-9c70-448bad5b4b03,,158,Video/2018/05,37,mega-vits-track-gcam,,158907,16992,25,mldevops,mldevops mldevops,2024-12-21T15:57:14.102Z,25,mldevops,mldevops mldevops,2024-12-21T15:57:14.102Z,Box,3,0.41368541717529295,794.2760009765625,0.45959954261779784,496.3675060272217,0.05384340286254883,103.37933349609375,0.08977985382080078,96.96224212646484,https://mantis.shore.mbari.org/3/annotation/158907?selected_entity=17909e36-06e4-4282-9c70-448bad5b4b03&selected_type=box_3&section=158&frame=16992&version=37,Ctenophora sp. A,Unknown C-1,,false,533.6563,Doc Ricketts 1023,false,,,2018-05-05T23:10:09+00:00,Ctenophora sp. A,35.925449,-122.933139,,0.328,-1,0.9991795420646667,0.9991795420646667,5.6,true
158907,D1023_20180505T230043Z_h264.mp4,158,Video/2018/05,25,mldevops,mldevops mldevops,2024-12-21T15:42:24.618Z,25,mldevops,mldevops mldevops,2024-12-21T15:42:24.635Z,Video,49,1920,1080,1920x1080,live,29.97,26975,15.001112223334447,,2018-05-05T23:00:43+00:00,5524fea8-6eec-4a55-83fe-4d1529b10ef7,2598292,4d64bc5a-0222-4392-8c3c-44aa022511fd,,158,Video/2018/05,37,mega-vits-track-gcam,,158907,17600,25,mldevops,mldevops mldevops,2024-12-21T15:58:50.052Z,25,mldevops,mldevops mldevops,2024-12-21T15:58:50.052Z,Box,3,0.5565461635589599,1068.5686340332031,0.8167984008789062,882.1422729492188,0.05331258773803711,102.36016845703125,0.0894287109375,96.5830078125,https://mantis.shore.mbari.org/3/annotation/158907?selected_entity=4d64bc5a-0222-4392-8c3c-44aa022511fd&selected_type=box_3&section=158&frame=17600&version=37,Ctenophora sp. A,Unknown C-1,,false,532.8543,Doc Ricketts 1023,false,,,2018-05-05T23:10:29+00:00,Ctenophora sp. A,35.925447,-122.933144,,0.331,-1,0.9998235106468201,0.9998235106468201,5.6,true
159573,V4318_20201208T193416Z_h264.mp4,92,Video/2020/12,25,mldevops,mldevops mldevops,2024-12-27T03:34:59.891Z,25,mldevops,mldevops mldevops,2024-12-27T03:34:59.904Z,Video,49,1920,1080,1920x1080,live,59.94005994005994,54000,15.014999999999999,,2020-12-08T19:34:16+00:00,c8865f15-3e89-4c63-a85c-d65e6b3e9b8e,2612699,eacc02a9-cd57-435c-9bb7-6438e597ce13,,92,Video/2020/12,37,mega-vits-track-gcam,,159573,22124,25,mldevops,mldevops mldevops,2024-12-27T20:28:56.575Z,25,mldevops,mldevops mldevops,2024-12-27T20:28:56.576Z,Box,3,0.35014004707336427,672.2688903808594,0.703685998916626,759.980878829956,0.016135692596435547,30.98052978515625,0.03199443817138672,34.553993225097656,https://mantis.shore.mbari.org/3/annotation/159573?selected_entity=eacc02a9-cd57-435c-9bb7-6438e597ce13&selected_type=box_3&section=92&frame=22124&version=37,Ctenophora sp. A,Unknown C-1,,false,775.93365,Ventana 4318,false,,,2020-12-08T19:40:25+00:00,Ctenophora sp. A,36.70369,-122.060482,,0.286,-1,0.9997177720069885,0.9997177720069885,4.694,true
159573,V4318_20201208T193416Z_h264.mp4,92,Video/2020/12,25,mldevops,mldevops mldevops,2024-12-27T03:34:59.891Z,25,mldevops,mldevops mldevops,2024-12-27T03:34:59.904Z,Video,49,1920,1080,1920x1080,live,59.94005994005994,54000,15.014999999999999,,2020-12-08T19:34:16+00:00,c8865f15-3e89-4c63-a85c-d65e6b3e9b8e,2612706,5aa3e58b-233e-4265-8beb-09c6c51c3205,,92,Video/2020/12,37,mega-vits-track-gcam,,159573,23276,25,mldevops,mldevops mldevops,2024-12-27T20:30:37.256Z,25,mldevops,mldevops mldevops,2024-12-27T20:30:37.256Z,Box,3,0.4891984462738037,939.2610168457031,0.8972219467163086,968.9997024536133,0.029424667358398438,56.495361328125,0.06334762573242188,68.41543579101562,https://mantis.shore.mbari.org/3/annotation/159573?selected_entity=5aa3e58b-233e-4265-8beb-09c6c51c3205&selected_type=box_3&section=92&frame=23276&version=37,Ctenophora sp. A,Unknown C-1,,false,776.438,Ventana 4318,false,,,2020-12-08T19:40:44+00:00,Ctenophora sp. A,36.703714,-122.060518,,0.286,-1,0.9325377345085144,0.9325377345085144,4.693,true
159573,V4318_20201208T193416Z_h264.mp4,92,Video/2020/12,25,mldevops,mldevops mldevops,2024-12-27T03:34:59.891Z,25,mldevops,mldevops mldevops,2024-12-27T03:34:59.904Z,Video,49,1920,1080,1920x1080,live,59.94005994005994,54000,15.014999999999999,,2020-12-08T19:34:16+00:00,c8865f15-3e89-4c63-a85c-d65e6b3e9b8e,2612708,055262ba-82bc-477a-ad51-0d143622c1ca,,92,Video/2020/12,37,mega-vits-track-gcam,,159573,23728,25,mldevops,mldevops mldevops,2024-12-27T20:31:17.453Z,25,mldevops,mldevops mldevops,2024-12-27T20:31:17.453Z,Box,3,0.3357128143310547,644.568603515625,0.679197359085083,733.5331478118896,0.018659019470214904,35.825317382812614,0.02584848403930664,27.916362762451172,https://mantis.shore.mbari.org/3/annotation/159573?selected_entity=055262ba-82bc-477a-ad51-0d143622c1ca&selected_type=box_3&section=92&frame=23728&version=37,Ctenophora sp. A,Unknown C-1,,false,776.0721,Ventana 4318,false,,,2020-12-08T19:40:51+00:00,Ctenophora sp. A,36.703686,-122.060505,,0.286,-1,0.9874674677848816,0.9874674677848816,4.693,true
159573,V4318_20201208T193416Z_h264.mp4,92,Video/2020/12,25,mldevops,mldevops mldevops,2024-12-27T03:34:59.891Z,25,mldevops,mldevops mldevops,2024-12-27T03:34:59.904Z,Video,49,1920,1080,1920x1080,live,59.94005994005994,54000,15.014999999999999,,2020-12-08T19:34:16+00:00,c8865f15-3e89-4c63-a85c-d65e6b3e9b8e,2612716,9b2e60c5-765e-48bb-b455-533817c4994b,,92,Video/2020/12,37,mega-vits-track-gcam,,159573,27864,25,mldevops,mldevops mldevops,2024-12-27T20:36:28.376Z,25,mldevops,mldevops mldevops,2024-12-27T20:36:28.376Z,Box,3,0.6664805889129639,1279.6427307128906,0.40050830841064455,432.5489730834961,0.015037631988525391,28.87225341796875,0.02961988449096685,31.989475250244197,https://mantis.shore.mbari.org/3/annotation/159573?selected_entity=9b2e60c5-765e-48bb-b455-533817c4994b&selected_type=box_3&section=92&frame=27864&version=37,Ctenophora sp. A,Unknown C-1,,false,774.3415,Ventana 4318,false,,,2020-12-08T19:42:00+00:00,Ctenophora sp. A,36.703751,-122.06058,,0.286,-1,0.9995967745780945,0.9995967745780945,4.704,true
159588,V4318_20201208T190414Z_h264.mp4,92,Video/2020/12,25,mldevops,mldevops mldevops,2024-12-28T18:11:06.071Z,25,mldevops,mldevops mldevops,2024-12-28T18:11:06.081Z,Video,49,1920,1080,1920x1080,live,59.94005994005994,54000,15.014999999999999,,2020-12-08T19:04:14+00:00,ca24e55c-367f-481c-a497-b21838c4f193,2723026,c8c0a300-2e34-47ba-bf66-2997f5f5561f,,92,Video/2020/12,37,mega-vits-track-gcam,,159588,1632,25,mldevops,mldevops mldevops,2024-12-28T18:12:21.530Z,25,mldevops,mldevops mldevops,2024-12-28T18:12:21.530Z,Box,3,0.3808146476745605,731.1641235351562,0.31236412525177004,337.3532552719116,0.01387152671813959,26.63333129882801,0.01947340965270996,21.031282424926758,https://mantis.shore.mbari.org/3/annotation/159588?selected_entity=c8c0a300-2e34-47ba-bf66-2997f5f5561f&selected_type=box_3&section=92&frame=1632&version=37,Ctenophora sp. A,Unknown C-1,,false,571.4366,Ventana 4318,false,,,2020-12-08T19:04:41+00:00,Eumedusa,36.702819,-122.057117,,0.366,-1,0.9973522424697876,0.000415979913668707,5.776,true
159593,V4318_20201208T211922Z_h264.mp4,92,Video/2020/12,25,mldevops,mldevops mldevops,2024-12-28T21:17:23.149Z,25,mldevops,mldevops mldevops,2024-12-28T21:17:23.166Z,Video,49,1920,1080,1920x1080,live,59.94005994005994,54000,15.014999999999999,,2020-12-08T21:19:22+00:00,ec8e8bdf-cb77-4cbc-a79d-9c8cb550d265,2769719,5dae0e2b-6561-47f7-8c83-ab173fea99e1,,92,Video/2020/12,37,mega-vits-track-gcam,,159593,33004,25,mldevops,mldevops mldevops,2024-12-28T21:54:10.212Z,25,mldevops,mldevops mldevops,2024-12-28T21:54:10.212Z,Box,3,0.21066708564758302,404.4808044433594,0.21136872768402098,228.27822589874268,0.01336665153503421,25.663970947265682,0.021136140823364256,22.8270320892334,https://mantis.shore.mbari.org/3/annotation/159593?selected_entity=5dae0e2b-6561-47f7-8c83-ab173fea99e1&selected_type=box_3&section=92&frame=33004&version=37,Ctenophora sp. A,Unknown C-1,,false,737.56067,Ventana 4318,false,,,2020-12-08T21:28:32+00:00,Ctenophora sp. A,36.703683,-122.065819,,0.262,-1,0.9976884126663208,0.9976884126663208,4.793,true
159593,V4318_20201208T211922Z_h264.mp4,92,Video/2020/12,25,mldevops,mldevops mldevops,2024-12-28T21:17:23.149Z,25,mldevops,mldevops mldevops,2024-12-28T21:17:23.166Z,Video,49,1920,1080,1920x1080,live,59.94005994005994,54000,15.014999999999999,,2020-12-08T21:19:22+00:00,ec8e8bdf-cb77-4cbc-a79d-9c8cb550d265,2769724,45f385e6-620b-43ce-b635-8be9e306d879,,92,Video/2020/12,37,mega-vits-track-gcam,,159593,34188,25,mldevops,mldevops mldevops,2024-12-28T21:55:00.604Z,25,mldevops,mldevops mldevops,2024-12-28T21:55:00.604Z,Box,3,0.25572829246520995,490.9983215332031,0.2726156711578369,294.42492485046387,0.01934223175048828,37.1370849609375,0.03452286720275879,37.28469657897949,https://mantis.shore.mbari.org/3/annotation/159593?selected_entity=45f385e6-620b-43ce-b635-8be9e306d879&selected_type=box_3&section=92&frame=34188&version=37,Ctenophora sp. A,Unknown C-1,,false,737.24414,Ventana 4318,false,,,2020-12-08T21:28:52+00:00,Ctenophora sp. A,36.703693,-122.065844,,0.262,-1,0.9998421669006348,0.9998421669006348,4.794,true
159593,V4318_20201208T211922Z_h264.mp4,92,Video/2020/12,25,mldevops,mldevops mldevops,2024-12-28T21:17:23.149Z,25,mldevops,mldevops mldevops,2024-12-28T21:17:23.166Z,Video,49,1920,1080,1920x1080,live,59.94005994005994,54000,15.014999999999999,,2020-12-08T21:19:22+00:00,ec8e8bdf-cb77-4cbc-a79d-9c8cb550d265,2769733,507baf1c-4c08-49cf-b5f1-42235dfd98ff,,92,Video/2020/12,37,mega-vits-track-gcam,,159593,34952,25,mldevops,mldevops mldevops,2024-12-28T21:55:46.228Z,25,mldevops,mldevops mldevops,2024-12-28T21:55:46.228Z,Box,3,0.22511029243469238,432.2117614746094,0.012909655272960664,13.942427694797516,0.019103813171386718,36.6793212890625,0.028137397766113282,30.388389587402344,https://mantis.shore.mbari.org/3/annotation/159593?selected_entity=507baf1c-4c08-49cf-b5f1-42235dfd98ff&selected_type=box_3&section=92&frame=34952&version=37,Ctenophora sp. A,Unknown C-1,,false,737.3134,Ventana 4318,false,,,2020-12-08T21:29:05+00:00,Ctenophora sp. A,36.703687,-122.065824,,0.266,-1,0.9997430443763733,0.9997430443763733,4.794,true
159593,V4318_20201208T211922Z_h264.mp4,92,Video/2020/12,25,mldevops,mldevops mldevops,2024-12-28T21:17:23.149Z,25,mldevops,mldevops mldevops,2024-12-28T21:17:23.166Z,Video,49,1920,1080,1920x1080,live,59.94005994005994,54000,15.014999999999999,,2020-12-08T21:19:22+00:00,ec8e8bdf-cb77-4cbc-a79d-9c8cb550d265,2769744,5b30b626-dacb-44ea-9771-511bc561b3df,,92,Video/2020/12,37,mega-vits-track-gcam,,159593,36460,25,mldevops,mldevops mldevops,2024-12-28T21:57:01.955Z,25,mldevops,mldevops mldevops,2024-12-28T21:57:01.955Z,Box,3,0.25926733016967773,497.79327392578125,0.3321733236312866,358.74718952178955,0.010787582397460938,20.712158203125,0.02391495704650879,25.828153610229492,https://mantis.shore.mbari.org/3/annotation/159593?selected_entity=5b30b626-dacb-44ea-9771-511bc561b3df&selected_type=box_3&section=92&frame=36460&version=37,Ctenophora sp. A,Unknown C-1,,false,736.94745,Ventana 4318,false,,,2020-12-08T21:29:30+00:00,Ctenophora sp. A,36.703695,-122.065817,,0.262,-1,0.9985693693161011,0.9985693693161011,4.795,true
159593,V4318_20201208T211922Z_h264.mp4,92,Video/2020/12,25,mldevops,mldevops mldevops,2024-12-28T21:17:23.149Z,25,mldevops,mldevops mldevops,2024-12-28T21:17:23.166Z,Video,49,1920,1080,1920x1080,live,59.94005994005994,54000,15.014999999999999,,2020-12-08T21:19:22+00:00,ec8e8bdf-cb77-4cbc-a79d-9c8cb550d265,2769753,e73f5fbc-f77f-4a4b-bfb6-7289474b2d98,,92,Video/2020/12,37,mega-vits-track-gcam,,159593,37492,25,mldevops,mldevops mldevops,2024-12-28T21:58:12.721Z,25,mldevops,mldevops mldevops,2024-12-28T21:58:12.721Z,Box,3,0.21437444686889648,411.59893798828125,0.25105373859405516,271.1380376815796,0.021422815322875977,41.131805419921875,0.0175953865051269,19.003017425537053,https://mantis.shore.mbari.org/3/annotation/159593?selected_entity=e73f5fbc-f77f-4a4b-bfb6-7289474b2d98&selected_type=box_3&section=92&frame=37492&version=37,Ctenophora sp. A,Unknown C-1,,false,737.01666,Ventana 4318,false,,,2020-12-08T21:29:47+00:00,Ctenophora sp. A,36.703716,-122.065846,,0.262,-1,0.9998134970664978,0.9998134970664978,4.796,true
159593,V4318_20201208T211922Z_h264.mp4,92,Video/2020/12,25,mldevops,mldevops mldevops,2024-12-28T21:17:23.149Z,25,mldevops,mldevops mldevops,2024-12-28T21:17:23.166Z,Video,49,1920,1080,1920x1080,live,59.94005994005994,54000,15.014999999999999,,2020-12-08T21:19:22+00:00,ec8e8bdf-cb77-4cbc-a79d-9c8cb550d265,2769766,d90ea49c-672c-4fcd-9bfa-dfba56f64035,,92,Video/2020/12,37,mega-vits-track-gcam,,159593,40176,25,mldevops,mldevops mldevops,2024-12-28T22:00:13.665Z,25,mldevops,mldevops mldevops,2024-12-28T22:00:13.665Z,Box,3,0.24201371669769287,464.6663360595703,0.19720581769943238,212.98228311538696,0.01276259422302246,24.504180908203125,0.02137626409530642,23.086365222930937,https://mantis.shore.mbari.org/3/annotation/159593?selected_entity=d90ea49c-672c-4fcd-9bfa-dfba56f64035&selected_type=box_3&section=92&frame=40176&version=37,Ctenophora sp. A,Unknown C-1,,false,736.5122,Ventana 4318,false,,,2020-12-08T21:30:32+00:00,mung,36.703709,-122.065796,,0.262,-1,0.9956310987472534,0.0007953494787216187,4.796,true
159593,V4318_20201208T211922Z_h264.mp4,92,Video/2020/12,25,mldevops,mldevops mldevops,2024-12-28T21:17:23.149Z,25,mldevops,mldevops mldevops,2024-12-28T21:17:23.166Z,Video,49,1920,1080,1920x1080,live,59.94005994005994,54000,15.014999999999999,,2020-12-08T21:19:22+00:00,ec8e8bdf-cb77-4cbc-a79d-9c8cb550d265,2769768,ce570063-f8c3-4cfd-8701-1a55e71ee410,,92,Video/2020/12,37,mega-vits-track-gcam,,159593,40864,25,mldevops,mldevops mldevops,2024-12-28T22:00:23.832Z,25,mldevops,mldevops mldevops,2024-12-28T22:00:23.832Z,Box,3,0.3235954523086548,621.3032684326172,0.1496971607208252,161.6729335784912,0.021422147750854492,41.130523681640625,0.04062573909759524,43.87579822540286,https://mantis.shore.mbari.org/3/annotation/159593?selected_entity=ce570063-f8c3-4cfd-8701-1a55e71ee410&selected_type=box_3&section=92&frame=40864&version=37,Ctenophora sp. A,Unknown C-1,,false,736.18585,Ventana 4318,false,,,2020-12-08T21:30:43+00:00,Ctenophora sp. A,36.70372,-122.065791,,0.266,-1,0.9211680889129639,0.9211680889129639,4.795,true
159596,V4318_20201208T184913Z_h264.mp4,92,Video/2020/12,25,mldevops,mldevops mldevops,2024-12-29T00:06:51.628Z,25,mldevops,mldevops mldevops,2024-12-29T00:06:51.640Z,Video,49,1920,1080,1920x1080,live,59.94005994005994,54000,15.014999999999999,,2020-12-08T18:49:13+00:00,bd96c1b3-fc63-42dd-b634-c224d4dca0f2,2770301,c119bba5-de71-4ae0-81a5-afe5d21ae787,,92,Video/2020/12,37,mega-vits-track-gcam,,159596,40552,25,mldevops,mldevops mldevops,2024-12-29T00:41:41.985Z,25,mldevops,mldevops mldevops,2024-12-29T00:41:41.985Z,Box,3,0.8020132064819336,1539.8653564453125,0,0,0.04448738098144543,85.41577148437523,0.08215217292308807,88.72434675693512,https://mantis.shore.mbari.org/3/annotation/159596?selected_entity=c119bba5-de71-4ae0-81a5-afe5d21ae787&selected_type=box_3&section=92&frame=40552&version=37,Ctenophora sp. A,Unknown C-1,,false,573.63416,Ventana 4318,false,,,2020-12-08T19:00:29+00:00,Bathocyroe,36.702645,-122.057142,,0.379,-1,0.9724864959716797,0.0023134907241910696,5.81,true
159596,V4318_20201208T184913Z_h264.mp4,92,Video/2020/12,25,mldevops,mldevops mldevops,2024-12-29T00:06:51.628Z,25,mldevops,mldevops mldevops,2024-12-29T00:06:51.640Z,Video,49,1920,1080,1920x1080,live,59.94005994005994,54000,15.014999999999999,,2020-12-08T18:49:13+00:00,bd96c1b3-fc63-42dd-b634-c224d4dca0f2,2770304,8af636b0-df43-4fa5-adb0-fe370d2236f3,,92,Video/2020/12,37,mega-vits-track-gcam,,159596,41860,25,mldevops,mldevops mldevops,2024-12-29T00:43:07.274Z,25,mldevops,mldevops mldevops,2024-12-29T00:43:07.274Z,Box,3,0.4670304298400879,896.6984252929688,0.5432629108428955,586.7239437103271,0.01842212677001953,35.3704833984375,0.04905624389648427,52.98074340820301,https://mantis.shore.mbari.org/3/annotation/159596?selected_entity=8af636b0-df43-4fa5-adb0-fe370d2236f3&selected_type=box_3&section=92&frame=41860&version=37,Ctenophora sp. A,Unknown C-1,,false,573.357,Ventana 4318,false,,,2020-12-08T19:00:51+00:00,Ctenophora sp. A,36.702653,-122.057121,,0.366,-1,0.9972760081291199,0.9972760081291199,5.764,true
159596,V4318_20201208T184913Z_h264.mp4,92,Video/2020/12,25,mldevops,mldevops mldevops,2024-12-29T00:06:51.628Z,25,mldevops,mldevops mldevops,2024-12-29T00:06:51.640Z,Video,49,1920,1080,1920x1080,live,59.94005994005994,54000,15.014999999999999,,2020-12-08T18:49:13+00:00,bd96c1b3-fc63-42dd-b634-c224d4dca0f2,2770306,6390e836-a2a0-4b79-8ae1-20812a5a9ce1,,92,Video/2020/12,37,mega-vits-track-gcam,,159596,42304,25,mldevops,mldevops mldevops,2024-12-29T00:43:42.460Z,25,mldevops,mldevops mldevops,2024-12-29T00:43:42.460Z,Box,3,0.5392780780792237,1035.4139099121094,0.3643927097320557,393.5441265106201,0.010593891143798828,20.34027099609375,0.019324207305908257,20.870143890380916,https://mantis.shore.mbari.org/3/annotation/159596?selected_entity=6390e836-a2a0-4b79-8ae1-20812a5a9ce1&selected_type=box_3&section=92&frame=42304&version=37,Ctenophora sp. A,Unknown C-1,,false,573.52527,Ventana 4318,false,,,2020-12-08T19:00:58+00:00,Ctenophora sp. A,36.702683,-122.057101,,0.362,-1,0.9953451752662659,0.9953451752662659,5.767,true
159596,V4318_20201208T184913Z_h264.mp4,92,Video/2020/12,25,mldevops,mldevops mldevops,2024-12-29T00:06:51.628Z,25,mldevops,mldevops mldevops,2024-12-29T00:06:51.640Z,Video,49,1920,1080,1920x1080,live,59.94005994005994,54000,15.014999999999999,,2020-12-08T18:49:13+00:00,bd96c1b3-fc63-42dd-b634-c224d4dca0f2,2770308,7911b03c-3be4-4764-bf2b-b02d51860746,,92,Video/2020/12,37,mega-vits-track-gcam,,159596,43048,25,mldevops,mldevops mldevops,2024-12-29T00:44:22.647Z,25,mldevops,mldevops mldevops,2024-12-29T00:44:22.647Z,Box,3,0.6998893260955811,1343.7875061035156,0.16086208820343018,173.7310552597046,0.03086700439453125,59.2646484375,0.028218388557434082,30.47585964202881,https://mantis.shore.mbari.org/3/annotation/159596?selected_entity=7911b03c-3be4-4764-bf2b-b02d51860746&selected_type=box_3&section=92&frame=43048&version=37,Ctenophora sp. A,Unknown C-1,,false,573.1095,Ventana 4318,false,,,2020-12-08T19:01:11+00:00,Beroe,36.702681,-122.057081,,0.358,-1,0.9997475743293762,0.00010517588088987395,5.751,true
159596,V4318_20201208T184913Z_h264.mp4,92,Video/2020/12,25,mldevops,mldevops mldevops,2024-12-29T00:06:51.628Z,25,mldevops,mldevops mldevops,2024-12-29T00:06:51.640Z,Video,49,1920,1080,1920x1080,live,59.94005994005994,54000,15.014999999999999,,2020-12-08T18:49:13+00:00,bd96c1b3-fc63-42dd-b634-c224d4dca0f2,2770310,9c78b954-e099-46dd-a1f5-f58b1e6440bd,,92,Video/2020/12,37,mega-vits-track-gcam,,159596,43884,25,mldevops,mldevops mldevops,2024-12-29T00:45:27.855Z,25,mldevops,mldevops mldevops,2024-12-29T00:45:27.855Z,Box,3,0.6445883274078369,1237.6095886230469,0.4085747718811035,441.2607536315918,0.016392040252685546,31.47271728515625,0.016894817352294922,18.246402740478516,https://mantis.shore.mbari.org/3/annotation/159596?selected_entity=9c78b954-e099-46dd-a1f5-f58b1e6440bd&selected_type=box_3&section=92&frame=43884&version=37,Ctenophora sp. A,Unknown C-1,,false,572.78284,Ventana 4318,false,,,2020-12-08T19:01:25+00:00,Ctenophora sp. A,36.702691,-122.057019,,0.349,-1,0.999713122844696,0.999713122844696,5.737,true
159596,V4318_20201208T184913Z_h264.mp4,92,Video/2020/12,25,mldevops,mldevops mldevops,2024-12-29T00:06:51.628Z,25,mldevops,mldevops mldevops,2024-12-29T00:06:51.640Z,Video,49,1920,1080,1920x1080,live,59.94005994005994,54000,15.014999999999999,,2020-12-08T18:49:13+00:00,bd96c1b3-fc63-42dd-b634-c224d4dca0f2,2770312,154493a9-02a3-4902-af16-4d35c0018cb2,,92,Video/2020/12,37,mega-vits-track-gcam,,159596,44688,25,mldevops,mldevops mldevops,2024-12-29T00:45:37.968Z,25,mldevops,mldevops mldevops,2024-12-29T00:45:37.968Z,Box,3,0.589330530166626,1131.5146179199219,0.5220303058624267,563.7927303314209,0.015315723419189334,29.406188964843523,0.015615653991699114,16.864906311035043,https://mantis.shore.mbari.org/3/annotation/159596?selected_entity=154493a9-02a3-4902-af16-4d35c0018cb2&selected_type=box_3&section=92&frame=44688&version=37,Ctenophora sp. A,Unknown C-1,,false,572.2681,Ventana 4318,false,,,2020-12-08T19:01:38+00:00,Ctenophora sp. A,36.702708,-122.057048,,0.341,-1,0.9992710947990417,0.9992710947990417,5.737,true
159596,V4318_20201208T184913Z_h264.mp4,92,Video/2020/12,25,mldevops,mldevops mldevops,2024-12-29T00:06:51.628Z,25,mldevops,mldevops mldevops,2024-12-29T00:06:51.640Z,Video,49,1920,1080,1920x1080,live,59.94005994005994,54000,15.014999999999999,,2020-12-08T18:49:13+00:00,bd96c1b3-fc63-42dd-b634-c224d4dca0f2,2770317,9d2048f9-500c-4c14-a1ec-29ab59358f23,,92,Video/2020/12,37,mega-vits-track-gcam,,159596,46652,25,mldevops,mldevops mldevops,2024-12-29T00:49:53.512Z,25,mldevops,mldevops mldevops,2024-12-29T00:49:53.512Z,Box,3,0.7777842521667481,1493.3457641601562,0.5421432971954345,585.5147609710693,0.021353626251220705,40.99896240234375,0.03600454330444336,38.88490676879883,https://mantis.shore.mbari.org/3/annotation/159596?selected_entity=9d2048f9-500c-4c14-a1ec-29ab59358f23&selected_type=box_3&section=92&frame=46652&version=37,Ctenophora sp. A,Unknown C-1,,false,572.4661,Ventana 4318,false,,,2020-12-08T19:02:11+00:00,Aegina citrea,36.702603,-122.057083,,0.345,-1,0.9099668860435486,0.004363987594842911,5.744,true
159596,V4318_20201208T184913Z_h264.mp4,92,Video/2020/12,25,mldevops,mldevops mldevops,2024-12-29T00:06:51.628Z,25,mldevops,mldevops mldevops,2024-12-29T00:06:51.640Z,Video,49,1920,1080,1920x1080,live,59.94005994005994,54000,15.014999999999999,,2020-12-08T18:49:13+00:00,bd96c1b3-fc63-42dd-b634-c224d4dca0f2,2770321,cddcc1fd-a715-405e-bd54-380fe0ecbe00,,92,Video/2020/12,37,mega-vits-track-gcam,,159596,47736,25,mldevops,mldevops mldevops,2024-12-29T00:51:23.882Z,25,mldevops,mldevops mldevops,2024-12-29T00:51:23.882Z,Box,3,0.7301812171936035,1401.9479370117188,0.5230181694030762,564.8596229553223,0.02259988784790039,43.39178466796875,0.03325986862182617,35.920658111572266,https://mantis.shore.mbari.org/3/annotation/159596?selected_entity=cddcc1fd-a715-405e-bd54-380fe0ecbe00&selected_type=box_3&section=92&frame=47736&version=37,Ctenophora sp. A,Unknown C-1,,false,572.51556,Ventana 4318,false,,,2020-12-08T19:02:29+00:00,Ctenophora sp. A,36.702713,-122.05702,,0.345,-1,0.9998548030853271,0.9998548030853271,5.745,true
159596,V4318_20201208T184913Z_h264.mp4,92,Video/2020/12,25,mldevops,mldevops mldevops,2024-12-29T00:06:51.628Z,25,mldevops,mldevops mldevops,2024-12-29T00:06:51.640Z,Video,49,1920,1080,1920x1080,live,59.94005994005994,54000,15.014999999999999,,2020-12-08T18:49:13+00:00,bd96c1b3-fc63-42dd-b634-c224d4dca0f2,2770322,d745920d-fffc-4163-acea-d6debb5b8e7d,,92,Video/2020/12,37,mega-vits-track-gcam,,159596,48116,25,mldevops,mldevops mldevops,2024-12-29T00:52:03.986Z,25,mldevops,mldevops mldevops,2024-12-31T01:22:10.971Z,Box,3,0.6939464331859381,1332.3771517170012,0.6957845026800829,751.4472628944894,0.021927499669447077,42.10079936533839,0.03127800210722211,33.78024227579988,https://mantis.shore.mbari.org/3/annotation/159596?selected_entity=d745920d-fffc-4163-acea-d6debb5b8e7d&selected_type=box_3&section=92&frame=48116&version=37,Ctenophora sp. A,Unknown C-1,,false,572.2978,Ventana 4318,false,,,2020-12-08T19:02:35+00:00,Ctenophora sp. A,36.702699,-122.057027,,0.345,-1,0.9949005246162415,0.9949005246162415,5.744,true
159596,V4318_20201208T184913Z_h264.mp4,92,Video/2020/12,25,mldevops,mldevops mldevops,2024-12-29T00:06:51.628Z,25,mldevops,mldevops mldevops,2024-12-29T00:06:51.640Z,Video,49,1920,1080,1920x1080,live,59.94005994005994,54000,15.014999999999999,,2020-12-08T18:49:13+00:00,bd96c1b3-fc63-42dd-b634-c224d4dca0f2,2770331,bddce8ac-d816-49b2-a09f-d258d0da3554,,92,Video/2020/12,37,mega-vits-track-gcam,,159596,49440,25,mldevops,mldevops mldevops,2024-12-29T00:54:24.763Z,25,mldevops,mldevops mldevops,2024-12-29T00:54:24.764Z,Box,3,0.7621078491210938,1463.2470703125,0.4785071849822998,516.7877597808838,0.011736583709716798,22.53424072265625,0.025452518463134767,27.488719940185547,https://mantis.shore.mbari.org/3/annotation/159596?selected_entity=bddce8ac-d816-49b2-a09f-d258d0da3554&selected_type=box_3&section=92&frame=49440&version=37,Ctenophora sp. A,Unknown C-1,,false,572.93134,Ventana 4318,false,,,2020-12-08T19:02:57+00:00,Ctenophora sp. A,36.702739,-122.057062,,0.345,-1,0.9976460337638855,0.9976460337638855,5.749,true
159596,V4318_20201208T184913Z_h264.mp4,92,Video/2020/12,25,mldevops,mldevops mldevops,2024-12-29T00:06:51.628Z,25,mldevops,mldevops mldevops,2024-12-29T00:06:51.640Z,Video,49,1920,1080,1920x1080,live,59.94005994005994,54000,15.014999999999999,,2020-12-08T18:49:13+00:00,bd96c1b3-fc63-42dd-b634-c224d4dca0f2,2770335,05f77a2d-047f-4012-9883-01c9e8a9e56f,,92,Video/2020/12,37,mega-vits-track-gcam,,159596,50444,25,mldevops,mldevops mldevops,2024-12-29T00:55:45.076Z,25,mldevops,mldevops mldevops,2024-12-29T00:55:45.076Z,Box,3,0.7244558334350586,1390.9552001953125,0.8838825225830078,954.5931243896484,0.02145242691040039,41.18865966796875,0.04876365661621094,52.66474914550781,https://mantis.shore.mbari.org/3/annotation/159596?selected_entity=05f77a2d-047f-4012-9883-01c9e8a9e56f&selected_type=box_3&section=92&frame=50444&version=37,Ctenophora sp. A,Unknown C-1,,false,572.3968,Ventana 4318,false,,,2020-12-08T19:03:14+00:00,Ctenophora sp. A,36.702731,-122.057015,,0.345,-1,0.9997448325157166,0.9997448325157166,5.745,true